time,ur20-shoulder_pan_joint,ur20-shoulder_lift_joint,ur20-elbow_joint,ur20-wrist_1_joint,ur20-wrist_2_joint,ur20-wrist_3_joint,target-POS_X,target-POS_Y,target-POS_Z,target-ROT_X,target-ROT_Y,target-ROT_Z,target-ROT_W
0.0,1.7021759192096155,-1.5388360023498535,1.9658386707305908,0.9376457929611206,1.7331140041351318,0.6579312682151794,-0.22984273731708527,0.5693362355232239,0.47821736335754395,0.2660655677318573,0.9550859928131104,0.12567460536956787,0.03501011058688164
0.05,1.6949939727783203,-1.544739842414856,1.970439076423645,0.9323163032531738,1.724516749382019,0.6499496698379517,-0.2279260754585266,0.5681815147399902,0.47820770740509033,0.26550033688545227,0.955233097076416,0.12686409056186676,0.030735617503523827
0.1,1.6876972913742065,-1.5506125688552856,1.9750550985336304,0.9270520806312561,1.7158052921295166,0.6419315934181213,-0.22600692510604858,0.5670313239097595,0.47817862033843994,0.26492995023727417,0.9553610682487488,0.12805098295211792,0.026460442692041397
0.15000000000000002,1.6802847385406494,-1.556452751159668,1.9796862602233887,0.9218546748161316,1.7069791555404663,0.6338752508163452,-0.22408539056777954,0.5658857822418213,0.4781302809715271,0.26435422897338867,0.9554699063301086,0.12923528254032135,0.022184768691658974
0.2,1.672755241394043,-1.5622590780258179,1.9843326807022095,0.9167251586914062,1.69803786277771,0.6257795691490173,-0.22216171026229858,0.5647450089454651,0.47806257009506226,0.2637732923030853,0.9555596709251404,0.13041706383228302,0.017908630892634392
0.25,1.665107552205221,-1.5680301189422607,1.9889941215515137,0.9116649627685547,1.6889808177947998,0.617642879486084,-0.22023597359657288,0.5636088848114014,0.4779754877090454,0.2631870210170746,0.9556302428245544,0.13159620761871338,0.013632145710289478
0.3,1.6573403517352503,-1.5737643241882324,1.9936699867248535,0.9066758751869202,1.6798075437545776,0.6094635168658655,-0.21830813586711884,0.5624777674674988,0.47786927223205566,0.26259541511535645,0.9556816816329956,0.13277268409729004,0.009355396032333374
0.35,1.6494529883014124,-1.5794601440429688,1.998360514640808,0.9017589688301086,1.6705176830291748,0.6012404600726526,-0.21637862920761108,0.5613516569137573,0.4777435064315796,0.26199859380722046,0.9557139873504639,0.1339465081691742,0.005078410729765892
0.39999999999999997,1.641444508229391,-1.5851161479949951,2.0030651092529297,0.8969162106513977,1.6611111164093018,0.5929721037494105,-0.21444761753082275,0.5602306127548218,0.47759851813316345,0.26139652729034424,0.9557271599769592,0.13511769473552704,0.0008013959741219878
0.44999999999999996,1.6333134810077112,-1.5907306671142578,2.007783889770508,0.8921486735343933,1.6515872478485107,0.5846565405475062,-0.21251508593559265,0.5591146945953369,0.47743427753448486,-0.2607892155647278,-0.9557210803031921,-0.1362861543893814,0.003475680248811841
0.49999999999999994,1.6250594297992151,-1.5963019132614136,2.0125162601470947,0.8874582052230835,1.6419460773468018,0.5762925744056702,-0.21058136224746704,0.5580040216445923,0.4772506356239319,-0.26017677783966064,-0.9556960463523865,-0.1374519020318985,0.007752692326903343
0.5499999999999999,1.616680924092428,-1.6018283367156982,2.0172624588012695,0.8828461766242981,1.6321873664855957,0.5678775946246546,-0.20864635705947876,0.556898832321167,0.47704780101776123,-0.2595589756965637,-0.9556517601013184,-0.13861486315727234,0.012029523961246014
0.6,1.608177661895752,-1.6073079109191895,2.022021770477295,0.8783143758773804,1.6223111152648926,0.5594109892845154,-0.20671048760414124,0.5557990074157715,0.4768258333206177,-0.25893616676330566,-0.9555883407592773,-0.13977502286434174,0.016306152567267418
0.65,1.599548578262329,-1.6127393245697021,2.026794672012329,0.8738642930984497,1.612317442893982,0.5508899688720703,-0.20477378368377686,0.5547046661376953,0.4765844941139221,-0.2583079934120178,-0.9555057883262634,-0.14093239605426788,0.02058238722383976
0.7000000000000001,1.590792481099264,-1.618120551109314,2.031580686569214,0.8694975972175598,1.602206055318014,0.5423126816749573,-0.20283624529838562,0.5536158680915833,0.4763239026069641,-0.2576747536659241,-0.9554041624069214,-0.142086923122406,0.024858297780156136
0.7500000000000001,1.581909481679098,-1.623449444770813,2.036379337310791,0.8652160167694092,1.591977834701538,0.5336774031268519,-0.20089825987815857,0.5525328516960144,0.4760441780090332,-0.2570362389087677,-0.9552833437919617,-0.14323866367340088,0.029133612290024757
0.8000000000000002,1.5728992223739624,-1.6287243366241455,2.0411906242370605,0.8610213994979858,1.5816327333450317,0.5249829292297363,-0.19896015524864197,0.5514556169509888,0.4757453203201294,-0.2563927471637726,-0.955143392086029,-0.14438752830028534,0.03340841829776764
0.8500000000000002,1.5637596289264124,-1.6339433193206787,2.0460150241851807,0.8569150567054749,1.5711709260940552,0.5162251631366175,-0.1970214545726776,0.5503840446472168,0.4754273295402527,-0.25574395060539246,-0.9549843072891235,-0.14553344249725342,0.03768250346183777
0.9000000000000002,1.5544922987567347,-1.639103651046753,2.050851345062256,0.8528987765312195,1.5605934858322144,0.507404088973999,-0.19508309662342072,0.5493186712265015,0.47509002685546875,-0.2550901174545288,-0.9548060894012451,-0.14667652547359467,0.0419558547437191
0.9500000000000003,1.5450952688800257,-1.6442041397094727,2.0557000637054443,0.8489750027656555,1.5499003569232386,0.49851563572883606,-0.19314463436603546,0.5482593178749084,0.4747338891029358,-0.2544310390949249,-0.9546087980270386,-0.14781665802001953,0.04622839763760567
1.0000000000000002,1.5355685392962855,-1.6492420434951782,2.060561180114746,0.8451444506645203,1.5390928983688354,0.4895585219012659,-0.19120626151561737,0.547205924987793,0.4743584394454956,-0.25376713275909424,-0.9543922543525696,-0.14895382523536682,0.05049997195601463
1.0500000000000003,1.5259125868426722,-1.6542154550552368,2.065433979034424,0.8414103388786316,1.5281716585159302,0.48053008714784795,-0.18926849961280823,0.5461588501930237,0.47396430373191833,-0.2530979812145233,-0.9541568160057068,-0.15008796751499176,0.0547705702483654
1.1000000000000003,1.5161274115191858,-1.6591215133666992,2.0703189373016357,0.8377731442451477,1.517137885093689,0.4714282194720667,-0.1873314529657364,0.5451180934906006,0.4735507369041443,-0.2524236738681793,-0.9539021253585815,-0.15121905505657196,0.05904006212949753
1.1500000000000004,1.506212830543518,-1.6639583110809326,2.0752153396606445,0.834235429763794,1.5059928894042969,0.46225059032440186,-0.18539516627788544,0.5440837144851685,0.47311848402023315,-0.2517445385456085,-0.9536283016204834,-0.15234726667404175,0.06330833584070206
1.2000000000000004,1.4961679617511194,-1.668723702430725,2.0801239013671875,0.8307990431785583,1.4947372674942017,0.45299291610717773,-0.18345953524112701,0.5430555939674377,0.47266721725463867,-0.2510601282119751,-0.9533354640007019,-0.15347231924533844,0.0675753727555275
1.2500000000000004,1.4859936873065394,-1.6734148263931274,2.0850441455841064,0.8274657726287842,1.4833729267120361,0.4436538855182093,-0.18152476847171783,0.5420341491699219,0.4721969962120056,-0.25037091970443726,-0.9530234932899475,-0.1545943319797516,0.07184107601642609
1.3000000000000005,1.4756911436664026,-1.6780290603637695,2.0899758338928223,0.8242377042770386,1.4719016551971436,0.43423059582710266,-0.17959141731262207,0.5410194396972656,0.47170788049697876,-0.24967651069164276,-0.952692449092865,-0.15571320056915283,0.07610529661178589
1.3500000000000005,1.46526038646698,-1.6825640201568604,2.094918966293335,0.8211166858673096,1.4603251218795776,0.42472031712532043,-0.17765943706035614,0.5400112867355347,0.47120004892349243,-0.2489771991968155,-0.9523423314094543,-0.15682901442050934,0.08036801218986511
1.4000000000000006,1.4547022024737757,-1.6870168447494507,2.0998735427856445,0.8181047439575195,1.4486454168902796,0.4151197671890259,-0.17572902143001556,0.5390099883079529,0.4706733822822571,-0.24827274680137634,-0.9519731402397156,-0.15794165432453156,0.08462901413440704
1.4500000000000006,1.4440167585956019,-1.6913849115371704,2.104839563369751,0.8152037858963013,1.436864201222555,0.40542614459991455,-0.17380009591579437,0.5380157232284546,0.47012805938720703,-0.24756354093551636,-0.9515848755836487,-0.15905116498470306,0.08888846635818481
1.5000000000000007,1.4332056045532227,-1.695665717124939,2.1098172664642334,0.8124158978462219,1.424984097480774,0.39563626050949097,-0.1718730926513672,0.5370280742645264,0.4695640802383423,-0.24684928357601166,-0.9511774778366089,-0.16015750169754028,0.0931461974978447
1.5500000000000007,1.4222697019577026,-1.6998556852340698,2.1148061752319336,0.8097431063652039,1.4130078554153442,0.3857470154762268,-0.16994798183441162,0.5360476970672607,0.46898120641708374,-0.246130108833313,-0.9507512450218201,-0.16126053035259247,0.0974019318819046
1.6000000000000008,1.4112103621112269,-1.7039526144610804,2.1198067665100098,0.8071873823748987,1.4009380340576172,0.3757552206516266,-0.16802507638931274,0.5350741744041443,0.4683799147605896,-0.24540595710277557,-0.9503058195114136,-0.16236044466495514,0.1016557365655899
1.6500000000000008,1.4000290075885218,-1.7079528013812464,2.1248185634613037,0.8047507444964808,1.388777494430542,0.36565738916397095,-0.16610437631607056,0.53410804271698,0.467759907245636,-0.244676873087883,-0.9498413801193237,-0.16345703601837158,0.10590750724077225
1.7000000000000008,1.3887273073196411,-1.7118536233901978,2.1298418045043945,0.8024353981018066,1.3765294551849365,0.3554503917694092,-0.16418612003326416,0.5331491231918335,0.46712151169776917,-0.24394294619560242,-0.9493579268455505,-0.16455036401748657,0.11015717685222626
1.7500000000000009,1.3773068189620972,-1.7156521081924438,2.1348769664764404,0.8002433180809021,1.3641972541809082,0.34513044357299805,-0.1622704416513443,0.5321973562240601,0.46646469831466675,-0.24320408701896667,-0.9488553404808044,-0.16564038395881653,0.1144046038389206
1.800000000000001,1.365769863128662,-1.7193442583084106,2.139923572540283,0.7981761693954468,1.3517844676971436,0.33469444513320923,-0.1603575199842453,0.5312532186508179,0.4657893180847168,-0.2424604445695877,-0.9483339190483093,-0.16672712564468384,0.11864982545375824
1.850000000000001,1.3541184663772583,-1.722927451133728,2.144981622695923,0.7962367534637451,1.3392951488494873,0.32413846254348755,-0.15844744443893433,0.5303166508674622,0.4650956988334656,-0.24171186983585358,-0.9477934241294861,-0.16781052947044373,0.12289257347583771
1.900000000000001,1.3423550764666956,-1.726398229598999,2.1500518321990967,0.7944263815879822,1.3267329931259155,0.31345894932746887,-0.15654055774211884,0.5293874144554138,0.4643838107585907,-0.24095837771892548,-0.9472339749336243,-0.168890580534935,0.12713293731212616
2.0250000000000012,1.3304821252822876,-1.7297528982162476,2.1551337242126465,0.7927477359771729,1.3141026496887207,0.30265212059020996,-0.1546366810798645,0.5284659266471863,0.46365365386009216,-0.24020016193389893,-0.9466555118560791,-0.16996710002422333,0.1313706338405609
2.1500000000000012,1.3423550764666956,-1.726398229598999,2.1500518321990967,0.7944263815879822,1.3267329931259155,0.31345894932746887,-0.15654055774211884,0.5293874144554138,0.4643838107585907,-0.24095837771892548,-0.9472339749336243,-0.168890580534935,0.12713293731212616
2.200000000000001,1.3541184663772583,-1.722927451133728,2.144981622695923,0.7962367534637451,1.3392951488494873,0.32413846254348755,-0.15844744443893433,0.5303166508674622,0.4650956988334656,-0.24171186983585358,-0.9477934241294861,-0.16781052947044373,0.12289257347583771
2.250000000000001,1.365769863128662,-1.7193442583084106,2.139923572540283,0.7981761693954468,1.3517844676971436,0.33469444513320923,-0.1603575199842453,0.5312532186508179,0.4657893180847168,-0.2424604445695877,-0.9483339190483093,-0.16672712564468384,0.11864982545375824
2.3000000000000007,1.3773068189620972,-1.7156521081924438,2.1348769664764404,0.8002433180809021,1.3641972541809082,0.34513044357299805,-0.1622704416513443,0.5321973562240601,0.46646469831466675,-0.24320408701896667,-0.9488553404808044,-0.16564038395881653,0.1144046038389206
2.3500000000000005,1.3887273073196411,-1.7118536233901978,2.1298418045043945,0.8024353981018066,1.3765294551849365,0.3554503917694092,-0.16418612003326416,0.5331491231918335,0.46712151169776917,-0.24394294619560242,-0.9493579268455505,-0.16455036401748657,0.11015717685222626
2.4000000000000004,1.4000290075885218,-1.7079528013812464,2.1248185634613037,0.8047507444964808,1.388777494430542,0.36565738916397095,-0.16610437631607056,0.53410804271698,0.467759907245636,-0.244676873087883,-0.9498413801193237,-0.16345703601837158,0.10590750724077225
2.45,1.4112103621112269,-1.7039526144610804,2.1198067665100098,0.8071873823748987,1.4009380340576172,0.3757552206516266,-0.16802507638931274,0.5350741744041443,0.4683799147605896,-0.24540595710277557,-0.9503058195114136,-0.16236044466495514,0.1016557365655899
2.5,1.4222697019577026,-1.6998556852340698,2.1148061752319336,0.8097431063652039,1.4130078554153442,0.3857470154762268,-0.16994798183441162,0.5360476970672607,0.46898120641708374,-0.246130108833313,-0.9507512450218201,-0.16126053035259247,0.0974019318819046
2.55,1.4332056045532227,-1.695665717124939,2.1098172664642334,0.8124158978462219,1.424984097480774,0.39563626050949097,-0.1718730926513672,0.5370280742645264,0.4695640802383423,-0.24684928357601166,-0.9511774778366089,-0.16015750169754028,0.0931461974978447
2.5999999999999996,1.4440167585956019,-1.6913849115371704,2.104839563369751,0.8152037858963013,1.436864201222555,0.40542614459991455,-0.17380009591579437,0.5380157232284546,0.47012805938720703,-0.24756354093551636,-0.9515848755836487,-0.15905116498470306,0.08888846635818481
2.6499999999999995,1.4547022024737757,-1.6870168447494507,2.0998735427856445,0.8181047439575195,1.4486454168902796,0.4151197671890259,-0.17572902143001556,0.5390099883079529,0.4706733822822571,-0.24827274680137634,-0.9519731402397156,-0.15794165432453156,0.08462901413440704
2.6999999999999993,1.46526038646698,-1.6825640201568604,2.094918966293335,0.8211166858673096,1.4603251218795776,0.42472031712532043,-0.17765943706035614,0.5400112867355347,0.47120004892349243,-0.2489771991968155,-0.9523423314094543,-0.15682901442050934,0.08036801218986511
2.749999999999999,1.4756911436664026,-1.6780290603637695,2.0899758338928223,0.8242377042770386,1.4719016551971436,0.43423059582710266,-0.17959141731262207,0.5410194396972656,0.47170788049697876,-0.24967651069164276,-0.952692449092865,-0.15571320056915283,0.07610529661178589
2.799999999999999,1.4859936873065394,-1.6734148263931274,2.0850441455841064,0.8274657726287842,1.4833729267120361,0.4436538855182093,-0.18152476847171783,0.5420341491699219,0.4721969962120056,-0.25037091970443726,-0.9530234932899475,-0.1545943319797516,0.07184107601642609
2.8499999999999988,1.4961679617511194,-1.668723702430725,2.0801239013671875,0.8307990431785583,1.4947372674942017,0.45299291610717773,-0.18345953524112701,0.5430555939674377,0.47266721725463867,-0.2510601282119751,-0.9533354640007019,-0.15347231924533844,0.0675753727555275
2.8999999999999986,1.506212830543518,-1.6639583110809326,2.0752153396606445,0.834235429763794,1.5059928894042969,0.46225059032440186,-0.18539516627788544,0.5440837144851685,0.47311848402023315,-0.2517445385456085,-0.9536283016204834,-0.15234726667404175,0.06330833584070206
2.9499999999999984,1.5161274115191858,-1.6591215133666992,2.0703189373016357,0.8377731442451477,1.517137885093689,0.4714282194720667,-0.1873314529657364,0.5451180934906006,0.4735507369041443,-0.2524236738681793,-0.9539021253585815,-0.15121905505657196,0.05904006212949753
2.9999999999999982,1.5259125868426722,-1.6542154550552368,2.065433979034424,0.8414103388786316,1.5281716585159302,0.48053008714784795,-0.18926849961280823,0.5461588501930237,0.47396430373191833,-0.2530979812145233,-0.9541568160057068,-0.15008796751499176,0.0547705702483654
3.049999999999998,1.5355685392962855,-1.6492420434951782,2.060561180114746,0.8451444506645203,1.5390928983688354,0.4895585219012659,-0.19120626151561737,0.547205924987793,0.4743584394454956,-0.25376713275909424,-0.9543922543525696,-0.14895382523536682,0.05049997195601463
3.099999999999998,1.5450952688800257,-1.6442041397094727,2.0557000637054443,0.8489750027656555,1.5499003569232386,0.49851563572883606,-0.19314463436603546,0.5482593178749084,0.4747338891029358,-0.2544310390949249,-0.9546087980270386,-0.14781665802001953,0.04622839763760567
3.1499999999999977,1.5544922987567347,-1.639103651046753,2.050851345062256,0.8528987765312195,1.5605934858322144,0.507404088973999,-0.19508309662342072,0.5493186712265015,0.47509002685546875,-0.2550901174545288,-0.9548060894012451,-0.14667652547359467,0.0419558547437191
3.1999999999999975,1.5637596289264124,-1.6339433193206787,2.0460150241851807,0.8569150567054749,1.5711709260940552,0.5162251631366175,-0.1970214545726776,0.5503840446472168,0.4754273295402527,-0.25574395060539246,-0.9549843072891235,-0.14553344249725342,0.03768250346183777
3.2499999999999973,1.5728992223739624,-1.6287243366241455,2.0411906242370605,0.8610213994979858,1.5816327333450317,0.5249829292297363,-0.19896015524864197,0.5514556169509888,0.4757453203201294,-0.2563927471637726,-0.955143392086029,-0.14438752830028534,0.03340841829776764
3.299999999999997,1.581909481679098,-1.623449444770813,2.036379337310791,0.8652160167694092,1.591977834701538,0.5336774031268519,-0.20089825987815857,0.5525328516960144,0.4760441780090332,-0.2570362389087677,-0.9552833437919617,-0.14323866367340088,0.029133612290024757
3.349999999999997,1.590792481099264,-1.618120551109314,2.031580686569214,0.8694975972175598,1.602206055318014,0.5423126816749573,-0.20283624529838562,0.5536158680915833,0.4763239026069641,-0.2576747536659241,-0.9554041624069214,-0.142086923122406,0.024858297780156136
3.399999999999997,1.599548578262329,-1.6127393245697021,2.026794672012329,0.8738642930984497,1.612317442893982,0.5508899688720703,-0.20477378368377686,0.5547046661376953,0.4765844941139221,-0.2583079934120178,-0.9555057883262634,-0.14093239605426788,0.02058238722383976
3.4499999999999966,1.608177661895752,-1.6073079109191895,2.022021770477295,0.8783143758773804,1.6223111152648926,0.5594109892845154,-0.20671048760414124,0.5557990074157715,0.4768258333206177,-0.25893616676330566,-0.9555883407592773,-0.13977502286434174,0.016306152567267418
3.4999999999999964,1.616680924092428,-1.6018283367156982,2.0172624588012695,0.8828461766242981,1.6321873664855957,0.5678775946246546,-0.20864635705947876,0.556898832321167,0.47704780101776123,-0.2595589756965637,-0.9556517601013184,-0.13861486315727234,0.012029523961246014
3.5499999999999963,1.6250594297992151,-1.5963019132614136,2.0125162601470947,0.8874582052230835,1.6419460773468018,0.5762925744056702,-0.21058136224746704,0.5580040216445923,0.4772506356239319,-0.26017677783966064,-0.9556960463523865,-0.1374519020318985,0.007752692326903343
3.599999999999996,1.6333134810077112,-1.5907306671142578,2.007783889770508,0.8921486735343933,1.6515872478485107,0.5846565405475062,-0.21251508593559265,0.5591146945953369,0.47743427753448486,-0.2607892155647278,-0.9557210803031921,-0.1362861543893814,0.003475680248811841
3.649999999999996,1.641444508229391,-1.5851161479949951,2.0030651092529297,0.8969162106513977,1.6611111164093018,0.5929721037494105,-0.21444761753082275,0.5602306127548218,0.47759851813316345,0.26139652729034424,0.9557271599769592,0.13511769473552704,0.0008013959741219878
3.6999999999999957,1.6494529883014124,-1.5794601440429688,1.998360514640808,0.9017589688301086,1.6705176830291748,0.6012404600726526,-0.21637862920761108,0.5613516569137573,0.4777435064315796,0.26199859380722046,0.9557139873504639,0.1339465081691742,0.005078410729765892
3.7499999999999956,1.6573403517352503,-1.5737643241882324,1.9936699867248535,0.9066758751869202,1.6798075437545776,0.6094635168658655,-0.21830813586711884,0.5624777674674988,0.47786927223205566,0.26259541511535645,0.9556816816329956,0.13277268409729004,0.009355396032333374
3.7999999999999954,1.665107552205221,-1.5680301189422607,1.9889941215515137,0.9116649627685547,1.6889808177947998,0.617642879486084,-0.22023597359657288,0.5636088848114014,0.4779754877090454,0.2631870210170746,0.9556302428245544,0.13159620761871338,0.013632145710289478
3.849999999999995,1.672755241394043,-1.5622590780258179,1.9843326807022095,0.9167251586914062,1.69803786277771,0.6257795691490173,-0.22216171026229858,0.5647450089454651,0.47806257009506226,0.2637732923030853,0.9555596709251404,0.13041706383228302,0.017908630892634392
3.899999999999995,1.6802847385406494,-1.556452751159668,1.9796862602233887,0.9218546748161316,1.7069791555404663,0.6338752508163452,-0.22408539056777954,0.5658857822418213,0.4781302809715271,0.26435422897338867,0.9554699063301086,0.12923528254032135,0.022184768691658974
3.949999999999995,1.6876972913742065,-1.5506125688552856,1.9750550985336304,0.9270520806312561,1.7158052921295166,0.6419315934181213,-0.22600692510604858,0.5670313239097595,0.47817862033843994,0.26492995023727417,0.9553610682487488,0.12805098295211792,0.026460442692041397
3.9999999999999947,1.6949939727783203,-1.544739842414856,1.970439076423645,0.9323163032531738,1.724516749382019,0.6499496698379517,-0.2279260754585266,0.5681815147399902,0.47820770740509033,0.26550033688545227,0.955233097076416,0.12686409056186676,0.030735617503523827
4.0499999999999945,1.7021759192096155,-1.5388360023498535,1.9658386707305908,0.9376457929611206,1.7331140041351318,0.6579312682151794,-0.22984273731708527,0.5693362355232239,0.47821736335754395,0.2660655677318573,0.9550859928131104,0.12567460536956787,0.03501011058688164
4.099999999999994,1.7092445532428187,-1.532902479171753,1.961254358291626,0.9430387616157532,1.7415979544269007,0.6658768653869629,-0.2317567765712738,0.5704952478408813,0.4782075881958008,0.26662516593933105,0.9549197554588318,0.12448275089263916,0.039283961057662964
4.149999999999994,1.7162006537066858,-1.5269404649734497,1.9566859006881714,0.9484946727752686,1.7499691247940063,0.6737881898880005,-0.23366780579090118,0.5716586709022522,0.47817856073379517,0.26717960834503174,0.9547343254089355,0.12328826636075974,0.043557047843933105
4.199999999999994,1.7230456511126917,-1.5209510326385498,1.9521337747573853,0.9540113806724548,1.7582281827926636,0.6816662549972534,-0.23557589948177338,0.5728265047073364,0.4781302213668823,0.26772865653038025,0.9545299410820007,0.1220913827419281,0.04782922565937042
4.249999999999994,1.7297810316085815,-1.514935851097107,1.9475983381271362,0.959588348865509,1.7663757801055908,0.6895124316215515,-0.23748084902763367,0.573998212814331,0.47806254029273987,0.26827242970466614,0.9543063044548035,0.12089197337627411,0.05210043862462044
4.299999999999994,1.7364078760147095,-1.508895754814148,1.9430794715881348,0.9652237892150879,1.7744128704071045,0.6973276138305664,-0.23938260972499847,0.5751741528511047,0.4779755473136902,0.2688107192516327,0.9540635943412781,0.11969025433063507,0.05637058615684509
4.349999999999993,1.7429273128509521,-1.502832055091858,1.9385778903961182,0.9709166288375854,1.782340168952942,0.7051127552986145,-0.24128082394599915,0.5763540863990784,0.4778692424297333,0.26934367418289185,0.9538018107414246,0.11848607659339905,0.06063966825604439
4.399999999999993,1.7493407726287842,-1.4967458248138428,1.9340935945510864,0.9766655564308167,1.7901585102081299,0.7128689885139465,-0.24317550659179688,0.5775377750396729,0.47774362564086914,0.26987117528915405,0.9535208344459534,0.11727950721979141,0.06490752846002579
4.449999999999993,1.7556493918048304,-1.490638256072998,1.9296269416809082,0.9824692606925964,1.797868553792135,0.7205973863601685,-0.24506640434265137,0.5787253379821777,0.4775985777378082,0.27039337158203125,0.9532209038734436,0.11607062071561813,0.06917403638362885
4.499999999999993,1.761854648590088,-1.4845103025436401,1.9251781702041626,0.9883267283439636,1.805471420288086,0.7282986640930176,-0.24695345759391785,0.5799165964126587,0.4774342179298401,0.2709100842475891,0.9529017806053162,0.11485935002565384,0.07343920320272446
4.549999999999993,1.7679576873779297,-1.478363037109375,1.9207473993301392,0.9942366480827332,1.8129678964614868,0.7359738945960999,-0.24883636832237244,0.5811113715171814,0.47725075483322144,0.2714213728904724,0.9525635838508606,0.11364583671092987,0.07770291715860367
4.5999999999999925,1.7739598751068115,-1.4721976518630981,1.9163349866867065,1.0001980066299438,1.8203586339950562,0.7436238527297974,-0.2507151663303375,0.5823096632957458,0.477047860622406,0.27192720770835876,0.9522063136100769,0.11243004351854324,0.08196496963500977
4.649999999999992,1.779862403869629,-1.4660149812698364,1.9119412899017334,1.006209373474121,1.827644944190979,0.7512496113777161,-0.252589613199234,0.5835113525390625,0.47682589292526245,0.2724277377128601,0.9518299102783203,0.11121203005313873,0.08622545748949051
4.699999999999992,1.7856664657592773,-1.4598159790039062,1.9075665473937988,1.0122697353363037,1.8348274230957031,0.7588515281677246,-0.2544595003128052,0.5847163796424866,0.47658443450927734,0.27292266488075256,0.9514344930648804,0.10999176651239395,0.09048422425985336
4.749999999999992,1.7913735548602503,-1.4536018371582031,1.903211236000061,1.0183780193328857,1.841907024383545,0.766430679951803,-0.2563247084617615,0.585924506187439,0.4763239026069641,0.27341216802597046,0.9510200619697571,0.1087692528963089,0.09474112838506699
4.799999999999992,1.7969850301742554,-1.4473730325698853,1.8988748788833618,1.0245333909988403,1.8488848209381104,0.7739878296852112,-0.2581852376461029,0.587135910987854,0.4760441780090332,0.27389615774154663,0.9505864977836609,0.10754456371068954,0.09899619966745377
4.849999999999992,1.802501916885376,-1.4411307573318481,1.8945584297180176,1.0307341814041138,1.8557616472244263,0.781523585319519,-0.2600407898426056,0.5883501768112183,0.4757453501224518,0.27437469363212585,0.9501340389251709,0.10631780326366425,0.10324923694133759
4.8999999999999915,1.8079254627227783,-1.4348759651184082,1.890262246131897,1.0369796752929688,1.862538456916809,0.7890385389328003,-0.2618911862373352,0.5895673632621765,0.47542721033096313,0.27484777569770813,0.949662446975708,0.10508881509304047,0.10750027000904083
4.949999999999991,1.8132569789886475,-1.4286093711853027,1.885986089706421,1.0432687997817993,1.8692162036895752,0.7965335249900818,-0.26373639702796936,0.590787410736084,0.4750901460647583,0.2753153145313263,0.9491718411445618,0.10385777056217194,0.11174910515546799
4.999999999999991,1.8184977769851685,-1.4223320484161377,1.881730556488037,1.049600601196289,1.8757959604263306,0.8040090799331665,-0.2655760943889618,0.5920100212097168,0.4747339189052582,0.27577733993530273,0.9486621618270874,0.10262466222047806,0.11599574238061905
5.049999999999991,1.8236490488052368,-1.4160443544387817,1.8774958848953247,1.0559736490249634,1.882278323173523,0.8114657402038574,-0.26741036772727966,0.5932354927062988,0.4743584990501404,0.2762337923049927,0.9481335878372192,0.10138945281505585,0.1202399805188179
5.099999999999991,1.8287121057510376,-1.4097474813461304,1.8732820749282837,1.0623873472213745,1.8886646032333374,0.8189042806625366,-0.2692389488220215,0.5944634079933167,0.4739641547203064,0.2766847610473633,0.947585940361023,0.10015232115983963,0.12448178976774216
5.149999999999991,1.8336879014968872,-1.4034419059753418,1.8690898418426514,1.068840503692627,1.8949556350708008,0.8263250589370728,-0.27106156945228577,0.5956937074661255,0.4735507369041443,0.27713021636009216,0.9470194578170776,0.0989130437374115,0.128721222281456
5.19999999999999,1.8385781049728394,-1.397128701210022,1.8649191856384277,1.0753324031829834,1.9011523723602295,0.8337289094924927,-0.2728784680366516,0.5969262719154358,0.4731184244155884,0.27757006883621216,0.9464339017868042,0.09767183661460876,0.1329580396413803
5.24999999999999,1.8433833122253418,-1.390808343887329,1.860770344734192,1.0818617343902588,1.9072556495666504,0.8411158323287964,-0.2746889293193817,0.5981611609458923,0.47266721725463867,0.27800440788269043,0.9458293914794922,0.09642858058214188,0.13719218969345093
5.29999999999999,1.8481051921844482,-1.38448166847229,1.8566436767578125,1.0884274244308472,1.913266658782959,0.8484866619110107,-0.2764933109283447,0.5993982553482056,0.4721969962120056,0.2784331738948822,0.9452059864997864,0.0951836034655571,0.1414235532283783
5.34999999999999,1.8527448813067835,-1.3781495094299316,1.8525397777557373,1.0950287580490112,1.9191861152648926,0.8558419386493128,-0.27829134464263916,0.6006371378898621,0.47170791029930115,0.2788562476634979,0.944563627243042,0.09393662959337234,0.14565210044384003
5.39999999999999,1.8573031425476074,-1.371812343597412,1.8484582901000977,1.1016650199890137,1.9250150918960571,0.8631818890571594,-0.2800825834274292,0.6018781661987305,0.4712001085281372,0.27927398681640625,0.943902313709259,0.09268768876791,0.14987780153751373
5.4499999999999895,1.8617814779281616,-1.3654710054397583,1.8443999290466309,1.1083347797393799,1.9307544231414795,0.8705069422721863,-0.28186726570129395,0.6031209230422974,0.47067341208457947,0.27968600392341614,0.943222165107727,0.09143701940774918,0.15410037338733673
5.499999999999989,1.8661810159683228,-1.3591259717941284,1.840364694595337,1.1150375604629517,1.9364053010940552,0.8778175711631775,-0.28364506363868713,0.6043654680252075,0.4701279401779175,0.28009232878685,0.9425230622291565,0.09018450230360031,0.15831999480724335
5.549999999999989,1.8705027103424072,-1.3527780771255493,1.836353063583374,1.1217724084854126,1.9419682025909424,0.8851141929626465,-0.2854158878326416,0.6056116223335266,0.46956396102905273,0.2804931402206421,0.9418051242828369,0.08893006294965744,0.16253633797168732
5.599999999999989,1.8747477531433105,-1.3464277982711792,1.8323651552200317,1.1285382509231567,1.9474444389343262,0.8923971652984619,-0.287179559469223,0.6068591475486755,0.46898120641708374,0.28088828921318054,0.9410682916641235,0.08767389506101608,0.166749507188797
5.649999999999989,1.8789174556732178,-1.3400758504867554,1.8284014463424683,1.1353342533111572,1.9528347253799438,0.8996670246124268,-0.2889360785484314,0.6081082224845886,0.46837979555130005,0.2812778651714325,0.9403126835823059,0.08641596883535385,0.17095927894115448
5.699999999999989,1.8830124139785767,-1.3337228298187256,1.824461817741394,1.1421595811843872,1.9581400156021118,0.9069234132766724,-0.2906850576400757,0.6093586683273315,0.46775996685028076,0.281661719083786,0.9395381212234497,0.08515635132789612,0.17516563832759857
5.7499999999999885,1.8870340585708618,-1.3273693323135376,1.8205472230911255,1.1490130424499512,1.9633612632751465,0.9141674041748047,-0.2924264967441559,0.6106102466583252,0.4671214520931244,0.2820400297641754,0.9387449026107788,0.08389504998922348,0.17936846613883972
5.799999999999988,1.8909832239151,-1.3210158348083496,1.8166569471359253,1.1558946371078491,1.9684993028640747,0.921398937702179,-0.29416027665138245,0.6118631362915039,0.46646469831466675,0.282412588596344,0.9379327297210693,0.08263199031352997,0.18356773257255554
5.849999999999988,1.8948612213134766,-1.314663052558899,1.812792181968689,1.1628026962280273,1.973555088043213,0.9286184906959534,-0.29588621854782104,0.6131168007850647,0.46578943729400635,0.28277960419654846,0.9371018409729004,0.08136732131242752,0.18776336312294006
5.899999999999988,1.898668646812439,-1.3083114624023438,1.8089526891708374,1.1697367429733276,1.9785293340682983,0.9358259439468384,-0.2976040840148926,0.6143714785575867,0.4650956988334656,0.2831409275531769,0.936252236366272,0.08010099828243256,0.19195516407489777
5.949999999999988,1.9024070501327515,-1.3019614219665527,1.8051387071609497,1.1766959428787231,1.983423113822937,0.9430221319198608,-0.29931408166885376,0.6156270503997803,0.4643838703632355,0.2834964990615845,0.9353837370872498,0.07883309572935104,0.19614313542842865
6.074999999999988,1.906076733266012,-1.2956136465072632,1.8013508319854736,1.183679223060608,1.988237206135885,0.9502066373825073,-0.3010154664516449,0.616883397102356,0.4636536240577698,0.2838464379310608,0.9344967007637024,0.0775635838508606,0.20032726228237152
6.199999999999988,1.9024070501327515,-1.3019614219665527,1.8051387071609497,1.1766959428787231,1.983423113822937,0.9430221319198608,-0.29931408166885376,0.6156270503997803,0.4643838703632355,0.2834964990615845,0.9353837370872498,0.07883309572935104,0.19614313542842865
6.249999999999988,1.898668646812439,-1.3083114624023438,1.8089526891708374,1.1697367429733276,1.9785293340682983,0.9358259439468384,-0.2976040840148926,0.6143714785575867,0.4650956988334656,0.2831409275531769,0.936252236366272,0.08010099828243256,0.19195516407489777
6.299999999999987,1.8948612213134766,-1.314663052558899,1.812792181968689,1.1628026962280273,1.973555088043213,0.9286184906959534,-0.29588621854782104,0.6131168007850647,0.46578943729400635,0.28277960419654846,0.9371018409729004,0.08136732131242752,0.18776336312294006
6.349999999999987,1.8909832239151,-1.3210158348083496,1.8166569471359253,1.1558946371078491,1.9684993028640747,0.921398937702179,-0.29416027665138245,0.6118631362915039,0.46646469831466675,0.282412588596344,0.9379327297210693,0.08263199031352997,0.18356773257255554
6.399999999999987,1.8870340585708618,-1.3273693323135376,1.8205472230911255,1.1490130424499512,1.9633612632751465,0.9141674041748047,-0.2924264967441559,0.6106102466583252,0.4671214520931244,0.2820400297641754,0.9387449026107788,0.08389504998922348,0.17936846613883972
6.449999999999987,1.8830124139785767,-1.3337228298187256,1.824461817741394,1.1421595811843872,1.9581400156021118,0.9069234132766724,-0.2906850576400757,0.6093586683273315,0.46775996685028076,0.281661719083786,0.9395381212234497,0.08515635132789612,0.17516563832759857
6.499999999999987,1.8789174556732178,-1.3400758504867554,1.8284014463424683,1.1353342533111572,1.9528347253799438,0.8996670246124268,-0.2889360785484314,0.6081082224845886,0.46837979555130005,0.2812778651714325,0.9403126835823059,0.08641596883535385,0.17095927894115448
6.5499999999999865,1.8747477531433105,-1.3464277982711792,1.8323651552200317,1.1285382509231567,1.9474444389343262,0.8923971652984619,-0.287179559469223,0.6068591475486755,0.46898120641708374,0.28088828921318054,0.9410682916641235,0.08767389506101608,0.166749507188797
6.599999999999986,1.8705027103424072,-1.3527780771255493,1.836353063583374,1.1217724084854126,1.9419682025909424,0.8851141929626465,-0.2854158878326416,0.6056116223335266,0.46956396102905273,0.2804931402206421,0.9418051242828369,0.08893006294965744,0.16253633797168732
6.649999999999986,1.8661810159683228,-1.3591259717941284,1.840364694595337,1.1150375604629517,1.9364053010940552,0.8778175711631775,-0.28364506363868713,0.6043654680252075,0.4701279401779175,0.28009232878685,0.9425230622291565,0.09018450230360031,0.15831999480724335
6.699999999999986,1.8617814779281616,-1.3654710054397583,1.8443999290466309,1.1083347797393799,1.9307544231414795,0.8705069422721863,-0.28186726570129395,0.6031209230422974,0.47067341208457947,0.27968600392341614,0.943222165107727,0.09143701940774918,0.15410037338733673
6.749999999999986,1.8573031425476074,-1.371812343597412,1.8484582901000977,1.1016650199890137,1.9250150918960571,0.8631818890571594,-0.2800825834274292,0.6018781661987305,0.4712001085281372,0.27927398681640625,0.943902313709259,0.09268768876791,0.14987780153751373
6.799999999999986,1.8527448813067835,-1.3781495094299316,1.8525397777557373,1.0950287580490112,1.9191861152648926,0.8558419386493128,-0.27829134464263916,0.6006371378898621,0.47170791029930115,0.2788562476634979,0.944563627243042,0.09393662959337234,0.14565210044384003
6.849999999999985,1.8481051921844482,-1.38448166847229,1.8566436767578125,1.0884274244308472,1.913266658782959,0.8484866619110107,-0.2764933109283447,0.5993982553482056,0.4721969962120056,0.2784331738948822,0.9452059864997864,0.0951836034655571,0.1414235532283783
6.899999999999985,1.8433833122253418,-1.390808343887329,1.860770344734192,1.0818617343902588,1.9072556495666504,0.8411158323287964,-0.2746889293193817,0.5981611609458923,0.47266721725463867,0.27800440788269043,0.9458293914794922,0.09642858058214188,0.13719218969345093
6.949999999999985,1.8385781049728394,-1.397128701210022,1.8649191856384277,1.0753324031829834,1.9011523723602295,0.8337289094924927,-0.2728784680366516,0.5969262719154358,0.4731184244155884,0.27757006883621216,0.9464339017868042,0.09767183661460876,0.1329580396413803
6.999999999999985,1.8336879014968872,-1.4034419059753418,1.8690898418426514,1.068840503692627,1.8949556350708008,0.8263250589370728,-0.27106156945228577,0.5956937074661255,0.4735507369041443,0.27713021636009216,0.9470194578170776,0.0989130437374115,0.128721222281456
7.049999999999985,1.8287121057510376,-1.4097474813461304,1.8732820749282837,1.0623873472213745,1.8886646032333374,0.8189042806625366,-0.2692389488220215,0.5944634079933167,0.4739641547203064,0.2766847610473633,0.947585940361023,0.10015232115983963,0.12448178976774216
7.0999999999999845,1.8236490488052368,-1.4160443544387817,1.8774958848953247,1.0559736490249634,1.882278323173523,0.8114657402038574,-0.26741036772727966,0.5932354927062988,0.4743584990501404,0.2762337923049927,0.9481335878372192,0.10138945281505585,0.1202399805188179
7.149999999999984,1.8184977769851685,-1.4223320484161377,1.881730556488037,1.049600601196289,1.8757959604263306,0.8040090799331665,-0.2655760943889618,0.5920100212097168,0.4747339189052582,0.27577733993530273,0.9486621618270874,0.10262466222047806,0.11599574238061905
7.199999999999984,1.8132569789886475,-1.4286093711853027,1.885986089706421,1.0432687997817993,1.8692162036895752,0.7965335249900818,-0.26373639702796936,0.590787410736084,0.4750901460647583,0.2753153145313263,0.9491718411445618,0.10385777056217194,0.11174910515546799
7.249999999999984,1.8079254627227783,-1.4348759651184082,1.890262246131897,1.0369796752929688,1.862538456916809,0.7890385389328003,-0.2618911862373352,0.5895673632621765,0.47542721033096313,0.27484777569770813,0.949662446975708,0.10508881509304047,0.10750027000904083
7.299999999999984,1.802501916885376,-1.4411307573318481,1.8945584297180176,1.0307341814041138,1.8557616472244263,0.781523585319519,-0.2600407898426056,0.5883501768112183,0.4757453501224518,0.27437469363212585,0.9501340389251709,0.10631780326366425,0.10324923694133759
7.349999999999984,1.7969850301742554,-1.4473730325698853,1.8988748788833618,1.0245333909988403,1.8488848209381104,0.7739878296852112,-0.2581852376461029,0.587135910987854,0.4760441780090332,0.27389615774154663,0.9505864977836609,0.10754456371068954,0.09899619966745377
7.3999999999999835,1.7913735548602503,-1.4536018371582031,1.903211236000061,1.0183780193328857,1.841907024383545,0.766430679951803,-0.2563247084617615,0.585924506187439,0.4763239026069641,0.27341216802597046,0.9510200619697571,0.1087692528963089,0.09474112838506699
7.449999999999983,1.7856664657592773,-1.4598159790039062,1.9075665473937988,1.0122697353363037,1.8348274230957031,0.7588515281677246,-0.2544595003128052,0.5847163796424866,0.47658443450927734,0.27292266488075256,0.9514344930648804,0.10999176651239395,0.09048422425985336
7.499999999999983,1.779862403869629,-1.4660149812698364,1.9119412899017334,1.006209373474121,1.827644944190979,0.7512496113777161,-0.252589613199234,0.5835113525390625,0.47682589292526245,0.2724277377128601,0.9518299102783203,0.11121203005313873,0.08622545748949051
7.549999999999983,1.7739598751068115,-1.4721976518630981,1.9163349866867065,1.0001980066299438,1.8203586339950562,0.7436238527297974,-0.2507151663303375,0.5823096632957458,0.477047860622406,0.27192720770835876,0.9522063136100769,0.11243004351854324,0.08196496963500977
7.599999999999983,1.7679576873779297,-1.478363037109375,1.9207473993301392,0.9942366480827332,1.8129678964614868,0.7359738945960999,-0.24883636832237244,0.5811113715171814,0.47725075483322144,0.2714213728904724,0.9525635838508606,0.11364583671092987,0.07770291715860367
7.649999999999983,1.761854648590088,-1.4845103025436401,1.9251781702041626,0.9883267283439636,1.805471420288086,0.7282986640930176,-0.24695345759391785,0.5799165964126587,0.4774342179298401,0.2709100842475891,0.9529017806053162,0.11485935002565384,0.07343920320272446
7.699999999999982,1.7556493918048304,-1.490638256072998,1.9296269416809082,0.9824692606925964,1.797868553792135,0.7205973863601685,-0.24506640434265137,0.5787253379821777,0.4775985777378082,0.27039337158203125,0.9532209038734436,0.11607062071561813,0.06917403638362885
7.749999999999982,1.7493407726287842,-1.4967458248138428,1.9340935945510864,0.9766655564308167,1.7901585102081299,0.7128689885139465,-0.24317550659179688,0.5775377750396729,0.47774362564086914,0.26987117528915405,0.9535208344459534,0.11727950721979141,0.06490752846002579
7.799999999999982,1.7429273128509521,-1.502832055091858,1.9385778903961182,0.9709166288375854,1.782340168952942,0.7051127552986145,-0.24128082394599915,0.5763540863990784,0.4778692424297333,0.26934367418289185,0.9538018107414246,0.11848607659339905,0.06063966825604439
7.849999999999982,1.7364078760147095,-1.508895754814148,1.9430794715881348,0.9652237892150879,1.7744128704071045,0.6973276138305664,-0.23938260972499847,0.5751741528511047,0.4779755473136902,0.2688107192516327,0.9540635943412781,0.11969025433063507,0.05637058615684509
7.899999999999982,1.7297810316085815,-1.514935851097107,1.9475983381271362,0.959588348865509,1.7663757801055908,0.6895124316215515,-0.23748084902763367,0.573998212814331,0.47806254029273987,0.26827242970466614,0.9543063044548035,0.12089197337627411,0.05210043862462044
7.9499999999999815,1.7230456511126917,-1.5209510326385498,1.9521337747573853,0.9540113806724548,1.7582281827926636,0.6816662549972534,-0.23557589948177338,0.5728265047073364,0.4781302213668823,0.26772865653038025,0.9545299410820007,0.1220913827419281,0.04782922565937042
7.999999999999981,1.7162006537066858,-1.5269404649734497,1.9566859006881714,0.9484946727752686,1.7499691247940063,0.6737881898880005,-0.23366780579090118,0.5716586709022522,0.47817856073379517,0.26717960834503174,0.9547343254089355,0.12328826636075974,0.043557047843933105
8.049999999999981,1.7092445532428187,-1.532902479171753,1.961254358291626,0.9430387616157532,1.7415979544269007,0.6658768653869629,-0.2317567765712738,0.5704952478408813,0.4782075881958008,0.26662516593933105,0.9549197554588318,0.12448275089263916,0.039283961057662964
8.138105592515796,1.7021759192096155,-1.5388360023498535,1.9658386707305908,0.9376457929611206,1.7331140041351318,0.6579312682151794,-0.22984273731708527,0.5693362355232239,0.47821736335754395,0.2660655677318573,0.9550859928131104,0.12567460536956787,0.03501011058688164
8.22621118503161,1.7077076435089111,-1.5418400764465332,1.9694255590438843,0.9307990074157715,1.7397515773773193,0.6622353196144104,-0.23095886409282684,0.5674883127212524,0.47762876749038696,0.2659061551094055,0.9545140266418457,0.12994761765003204,0.03620046377182007
8.276211185031611,1.7132903337478638,-1.5447834730148315,1.9730178117752075,0.9239468574523926,1.7464641332626343,0.6665445566177368,-0.23207227885723114,0.5656449794769287,0.4770209789276123,0.2657415270805359,0.9539228677749634,0.13421787321567535,0.03739012032747269
8.326211185031612,1.7189233938800257,-1.5476653575897217,1.9766151905059814,0.91708904504776,1.7532517910003662,0.6708579063415527,-0.2331828624010086,0.5638063549995422,0.47639405727386475,0.2655714452266693,0.9533127546310425,0.13848558068275452,0.03857900947332382
8.376211185031613,1.7246066331863403,-1.5504846572875977,1.9802175760269165,0.9102256894111633,1.7601144313812256,0.6751752495765686,-0.23429042100906372,0.5619727373123169,0.47574764490127563,0.2653961777687073,0.9526833891868591,0.14275039732456207,0.039767075330019
8.426211185031613,1.7303393522845667,-1.5532405376434326,1.9838247299194336,0.9033567309379578,1.7670522928237915,0.6794956366168421,-0.2353949248790741,0.5601441860198975,0.4750823378562927,0.2652154862880707,0.9520350098609924,0.14701248705387115,0.040954362601041794
8.476211185031614,1.7361214796649378,-1.5559316873550415,1.987436294555664,0.8964822292327881,1.7740652561187744,0.6838191191302698,-0.23649641871452332,0.5583204627037048,0.47439777851104736,0.26502957940101624,0.9513676166534424,0.1512715220451355,0.04214083030819893
8.526211185031615,1.7419524192810059,-1.5585569143295288,1.991051435470581,0.8896023631095886,1.7811534404754639,0.6881449222564697,-0.23759466409683228,0.5565024614334106,0.47369420528411865,0.2648383378982544,0.9506811499595642,0.15552757680416107,0.043326497077941895
8.576211185031616,1.747831169758932,-1.5611157417297363,1.9946707487106323,0.882716715335846,1.7883164882659912,0.6924722194671631,-0.2386896163225174,0.5546897053718567,0.47297167778015137,0.2646418511867523,0.9499755501747131,0.15978047251701355,0.04451124742627144
8.626211185031616,1.7537575960159302,-1.5636069774627686,1.998293399810791,0.8758256435394287,1.7955543994903564,0.6968004703521729,-0.23978115618228912,0.5528826117515564,0.47223031520843506,0.26444000005722046,0.9492510557174683,0.16403017938137054,0.04569513723254204
8.676211185031617,1.7597309350967407,-1.56602942943573,2.0019192695617676,0.8689286112785339,1.80286705493927,0.7011292576789856,-0.24086928367614746,0.5510813593864441,0.4714699685573578,0.264232873916626,0.9485074877738953,0.16827668249607086,0.04687805101275444
8.726211185031618,1.7657502333270472,-1.5683822631835938,2.0055480003356934,0.8620260953903198,1.8102542161941528,0.7054576277732849,-0.2419537603855133,0.5492857694625854,0.47069087624549866,0.2640203833580017,0.9477449059486389,0.17251968383789062,0.048060134053230286
8.776211185031618,1.7718151251422327,-1.5706642309771937,2.00917911529541,0.8551176230060022,1.8177155256271362,0.7097851037979126,-0.2430347055196762,0.547496497631073,0.4698929786682129,0.2638026475906372,0.9469633102416992,0.17675933241844177,0.04924115911126137
8.82621118503162,1.7779247760772705,-1.572874903678894,2.012812614440918,0.8482034802436829,1.8252509832382202,0.7141114473342896,-0.24411176145076752,0.5457131862640381,0.469076544046402,0.26357969641685486,0.946162760257721,0.180995374917984,0.050421278923749924
8.87621118503162,1.7840779463397425,-1.5750129222869873,2.0164480209350586,0.8412832617759705,1.8328596353530884,0.7184351126300257,-0.24518507719039917,0.5439362525939941,0.46824127435684204,0.2633514404296875,0.9453433156013489,0.18522781133651733,0.051600221544504166
8.92621118503162,1.790274445210592,-1.5770771503448486,2.020085096359253,0.8343568444252014,1.8405420780181885,0.7227559685707092,-0.24625445902347565,0.5421658158302307,0.4673875570297241,0.26311787962913513,0.944504976272583,0.18945659697055817,0.052778396755456924
8.976211185031621,1.7965129057513636,-1.5790669918060303,2.0237231254577637,0.8274246454238892,1.8482969442950647,0.7270731329917908,-0.24731989204883575,0.5404019951820374,0.4665154814720154,0.26287898421287537,0.9436476230621338,0.19368146359920502,0.053955335170030594
9.026211185031622,1.8027923742877405,-1.5809815565692347,2.02736234664917,0.8204858938800257,1.8561242818832397,0.7313858270645142,-0.2483811229467392,0.5386447906494141,0.4656248688697815,0.26263487339019775,0.9427713751792908,0.19790254533290863,0.05513118952512741
9.076211185031623,1.8091123739825647,-1.5828192234039307,2.0310020446777344,0.8135405778884888,1.864023510609762,0.7356936931610107,-0.24943843483924866,0.5368947386741638,0.464715838432312,0.2623854875564575,0.9418763518333435,0.2021196335554123,0.05630602315068245
9.126211185031623,1.8154709974872034,-1.5845799446105957,2.034641981124878,0.8065887689590454,1.871993899345398,0.73999530473818,-0.2504912316799164,0.5351516604423523,0.4637887477874756,0.26213088631629944,0.9409623742103577,0.20633268356323242,0.0574796237051487
9.176211185031624,1.8218681812286377,-1.5862624645233154,2.0382819175720215,0.7996304035186768,1.8800352811813354,0.7442908883094788,-0.2515399158000946,0.5334157347679138,0.4628433883190155,0.2618711590766907,0.9400296211242676,0.21054163575172424,0.05865216255187988
9.226211185031625,1.828301731740133,-1.5878658294677734,2.041921615600586,0.7926647663116455,1.8881466388702393,0.7485783696174622,-0.25258392095565796,0.5316870212554932,0.4618798792362213,0.2616060674190521,0.9390779137611389,0.21474629640579224,0.059823594987392426
9.276211185031626,1.834771458302633,-1.5893892049789429,2.045560359954834,0.7856919169425964,1.896327257156372,0.7528577446937561,-0.25362372398376465,0.529965877532959,0.46089833974838257,0.2613356113433838,0.9381074905395508,0.21894671022891998,0.06099361926317215
9.326211185031626,1.8412750403033655,-1.5908320585833948,2.0491983890533447,0.7787116209613245,1.9045764207839966,0.7571274638175964,-0.254658579826355,0.5282522439956665,0.45989882946014404,0.26106002926826477,0.9371182918548584,0.22314272820949554,0.06216251850128174
9.376211185031627,1.8478124777423304,-1.5921930074691772,2.0528347492218018,0.7717236280441284,1.9128938913345337,0.7613876501666468,-0.25568899512290955,0.5265463590621948,0.4588813781738281,0.2607792317867279,0.9361103177070618,0.22733429074287415,0.0633302703499794
9.426211185031628,1.8543818632708948,-1.593471646308899,2.056469440460205,0.7647278308868408,1.9212781190872192,0.765637222920553,-0.25671470165252686,0.5248482823371887,0.45784616470336914,0.26049327850341797,0.9350835084915161,0.23152123391628265,0.06449660658836365
9.476211185031628,1.8609817663775843,-1.5946670770645142,2.0601017475128174,0.7577239274978638,1.9297287464141846,0.769874397908346,-0.2577354609966278,0.5231583714485168,0.45679348707199097,0.26020190119743347,0.9340381026268005,0.23570360243320465,0.06566176563501358
9.52621118503163,1.8676112333880823,-1.5957783460617065,2.0637319087982178,0.75071120262146,1.938244644795553,0.7740997076034546,-0.2587515711784363,0.5214763879776001,0.4557228684425354,0.25990554690361023,0.9329739809036255,0.239881232380867,0.06682552397251129
9.57621118503163,1.8742681741714478,-1.596805214881897,2.067359209060669,0.7436897158622742,1.9468249082565308,0.7783107161521912,-0.2597624659538269,0.5198027491569519,0.45463499426841736,0.2596038579940796,0.9318910837173462,0.24405409395694733,0.06798794120550156
9.62621118503163,1.8809517065631312,-1.5977462530136108,2.0709831714630127,0.7366591095924377,1.9554689566241663,0.7825077176094055,-0.26076823472976685,0.518137514591217,0.4535294473171234,0.25929707288742065,0.9307894706726074,0.24822203814983368,0.0691492035984993
9.676211185031631,1.8876598517047327,-1.5986015796661377,2.074603796005249,0.7296186089515686,1.9641745726214808,0.786688506603241,-0.26176896691322327,0.5164808630943298,0.45240649580955505,0.25898492336273193,0.9296693801879883,0.2523850202560425,0.07030869275331497
9.726211185031632,1.8943913618670862,-1.599369764328003,2.0782203674316406,0.7225682735443115,1.9729421138763428,0.7908529043197632,-0.2627643644809723,0.5148329734802246,0.45126640796661377,0.25866764783859253,0.9285305738449097,0.2565429210662842,0.07146704941987991
9.776211185031633,1.901144806538717,-1.600050687789917,2.0818328857421875,0.7155076265335083,1.9817698001861572,0.7950001955032349,-0.2637545168399811,0.513193666934967,0.45010894536972046,0.2583453357219696,0.9273732900619507,0.26069578528404236,0.07262393087148666
9.826211185031633,1.9079184532165527,-1.6006433963775635,2.0854406356811523,0.7084362506866455,1.9906564950942993,0.7991286516189575,-0.26473918557167053,0.5115633010864258,0.4489346146583557,0.25801771879196167,0.9261972308158875,0.264843225479126,0.07377941906452179
9.876211185031634,1.914710521697998,-1.6011475324630737,2.089043378829956,0.7013533115386963,1.999601125717163,0.8032376170158386,-0.2657184600830078,0.5099422335624695,0.44774311780929565,0.25768497586250305,0.9250027537345886,0.2689855694770813,0.07493332028388977
9.926211185031635,1.9215197563171387,-1.6015623807907104,2.0926408767700195,0.6942586302757263,2.0086023807525635,0.807326078414917,-0.26669225096702576,0.5083299875259399,0.446534663438797,0.257347047328949,0.9237897992134094,0.2731224000453949,0.07608574628829956
9.976211185031636,1.9283435980426233,-1.6018875280963343,2.0962324142456055,0.6871517340289515,2.0176589488983154,0.8113924860954285,-0.2676602303981781,0.5067275762557983,0.44530969858169556,0.257004052400589,0.9225582480430603,0.2772538363933563,0.07723665237426758
10.026211185031636,1.9351814428912562,-1.60212242603302,2.099817991256714,0.6800320148468018,2.0267698764801025,0.8154361883746546,-0.2686227560043335,0.5051342248916626,0.4440677762031555,0.2566556930541992,0.9213082194328308,0.2813796401023865,0.07838603854179382
10.076211185031637,1.9420307318316858,-1.602266788482666,2.1033971309661865,0.6728988289833069,2.035933494567871,0.8194559256183069,-0.2695792317390442,0.5035505294799805,0.4428093433380127,0.2563023865222931,0.9200398325920105,0.28549984097480774,0.07953385263681412
10.201211185031637,1.9488900899887085,-1.6023199558258057,2.1069693565368652,0.6657516956329346,2.0451486110687256,0.82345050573349,-0.27052998542785645,0.501976490020752,0.4415343999862671,0.25594383478164673,0.9187528491020203,0.2896142899990082,0.08068004995584488
10.326211185031637,1.9420307318316858,-1.602266788482666,2.1033971309661865,0.6728988289833069,2.035933494567871,0.8194559256183069,-0.2695792317390442,0.5035505294799805,0.4428093433380127,0.2563023865222931,0.9200398325920105,0.28549984097480774,0.07953385263681412
10.376211185031638,1.9351814428912562,-1.60212242603302,2.099817991256714,0.6800320148468018,2.0267698764801025,0.8154361883746546,-0.2686227560043335,0.5051342248916626,0.4440677762031555,0.2566556930541992,0.9213082194328308,0.2813796401023865,0.07838603854179382
10.426211185031638,1.9283435980426233,-1.6018875280963343,2.0962324142456055,0.6871517340289515,2.0176589488983154,0.8113924860954285,-0.2676602303981781,0.5067275762557983,0.44530969858169556,0.257004052400589,0.9225582480430603,0.2772538363933563,0.07723665237426758
10.476211185031639,1.9215197563171387,-1.6015623807907104,2.0926408767700195,0.6942586302757263,2.0086023807525635,0.807326078414917,-0.26669225096702576,0.5083299875259399,0.446534663438797,0.257347047328949,0.9237897992134094,0.2731224000453949,0.07608574628829956
10.52621118503164,1.914710521697998,-1.6011475324630737,2.089043378829956,0.7013533115386963,1.999601125717163,0.8032376170158386,-0.2657184600830078,0.5099422335624695,0.44774311780929565,0.25768497586250305,0.9250027537345886,0.2689855694770813,0.07493332028388977
10.57621118503164,1.9079184532165527,-1.6006433963775635,2.0854406356811523,0.7084362506866455,1.9906564950942993,0.7991286516189575,-0.26473918557167053,0.5115633010864258,0.4489346146583557,0.25801771879196167,0.9261972308158875,0.264843225479126,0.07377941906452179
10.626211185031641,1.901144806538717,-1.600050687789917,2.0818328857421875,0.7155076265335083,1.9817698001861572,0.7950001955032349,-0.2637545168399811,0.513193666934967,0.45010894536972046,0.2583453357219696,0.9273732900619507,0.26069578528404236,0.07262393087148666
10.676211185031642,1.8943913618670862,-1.599369764328003,2.0782203674316406,0.7225682735443115,1.9729421138763428,0.7908529043197632,-0.2627643644809723,0.5148329734802246,0.45126640796661377,0.25866764783859253,0.9285305738449097,0.2565429210662842,0.07146704941987991
10.726211185031643,1.8876598517047327,-1.5986015796661377,2.074603796005249,0.7296186089515686,1.9641745726214808,0.786688506603241,-0.26176896691322327,0.5164808630943298,0.45240649580955505,0.25898492336273193,0.9296693801879883,0.2523850202560425,0.07030869275331497
10.776211185031643,1.8809517065631312,-1.5977462530136108,2.0709831714630127,0.7366591095924377,1.9554689566241663,0.7825077176094055,-0.26076823472976685,0.518137514591217,0.4535294473171234,0.25929707288742065,0.9307894706726074,0.24822203814983368,0.0691492035984993
10.826211185031644,1.8742681741714478,-1.596805214881897,2.067359209060669,0.7436897158622742,1.9468249082565308,0.7783107161521912,-0.2597624659538269,0.5198027491569519,0.45463499426841736,0.2596038579940796,0.9318910837173462,0.24405409395694733,0.06798794120550156
10.876211185031645,1.8676112333880823,-1.5957783460617065,2.0637319087982178,0.75071120262146,1.938244644795553,0.7740997076034546,-0.2587515711784363,0.5214763879776001,0.4557228684425354,0.25990554690361023,0.9329739809036255,0.239881232380867,0.06682552397251129
10.926211185031645,1.8609817663775843,-1.5946670770645142,2.0601017475128174,0.7577239274978638,1.9297287464141846,0.769874397908346,-0.2577354609966278,0.5231583714485168,0.45679348707199097,0.26020190119743347,0.9340381026268005,0.23570360243320465,0.06566176563501358
10.976211185031646,1.8543818632708948,-1.593471646308899,2.056469440460205,0.7647278308868408,1.9212781190872192,0.765637222920553,-0.25671470165252686,0.5248482823371887,0.45784616470336914,0.26049327850341797,0.9350835084915161,0.23152123391628265,0.06449660658836365
11.026211185031647,1.8478124777423304,-1.5921930074691772,2.0528347492218018,0.7717236280441284,1.9128938913345337,0.7613876501666468,-0.25568899512290955,0.5265463590621948,0.4588813781738281,0.2607792317867279,0.9361103177070618,0.22733429074287415,0.0633302703499794
11.076211185031648,1.8412750403033655,-1.5908320585833948,2.0491983890533447,0.7787116209613245,1.9045764207839966,0.7571274638175964,-0.254658579826355,0.5282522439956665,0.45989882946014404,0.26106002926826477,0.9371182918548584,0.22314272820949554,0.06216251850128174
11.126211185031648,1.834771458302633,-1.5893892049789429,2.045560359954834,0.7856919169425964,1.896327257156372,0.7528577446937561,-0.25362372398376465,0.529965877532959,0.46089833974838257,0.2613356113433838,0.9381074905395508,0.21894671022891998,0.06099361926317215
11.176211185031649,1.828301731740133,-1.5878658294677734,2.041921615600586,0.7926647663116455,1.8881466388702393,0.7485783696174622,-0.25258392095565796,0.5316870212554932,0.4618798792362213,0.2616060674190521,0.9390779137611389,0.21474629640579224,0.059823594987392426
11.22621118503165,1.8218681812286377,-1.5862624645233154,2.0382819175720215,0.7996304035186768,1.8800352811813354,0.7442908883094788,-0.2515399158000946,0.5334157347679138,0.4628433883190155,0.2618711590766907,0.9400296211242676,0.21054163575172424,0.05865216255187988
11.27621118503165,1.8154709974872034,-1.5845799446105957,2.034641981124878,0.8065887689590454,1.871993899345398,0.73999530473818,-0.2504912316799164,0.5351516604423523,0.4637887477874756,0.26213088631629944,0.9409623742103577,0.20633268356323242,0.0574796237051487
11.326211185031651,1.8091123739825647,-1.5828192234039307,2.0310020446777344,0.8135405778884888,1.864023510609762,0.7356936931610107,-0.24943843483924866,0.5368947386741638,0.464715838432312,0.2623854875564575,0.9418763518333435,0.2021196335554123,0.05630602315068245
11.376211185031652,1.8027923742877405,-1.5809815565692347,2.02736234664917,0.8204858938800257,1.8561242818832397,0.7313858270645142,-0.2483811229467392,0.5386447906494141,0.4656248688697815,0.26263487339019775,0.9427713751792908,0.19790254533290863,0.05513118952512741
11.426211185031653,1.7965129057513636,-1.5790669918060303,2.0237231254577637,0.8274246454238892,1.8482969442950647,0.7270731329917908,-0.24731989204883575,0.5404019951820374,0.4665154814720154,0.26287898421287537,0.9436476230621338,0.19368146359920502,0.053955335170030594
11.476211185031653,1.790274445210592,-1.5770771503448486,2.020085096359253,0.8343568444252014,1.8405420780181885,0.7227559685707092,-0.24625445902347565,0.5421658158302307,0.4673875570297241,0.26311787962913513,0.944504976272583,0.18945659697055817,0.052778396755456924
11.526211185031654,1.7840779463397425,-1.5750129222869873,2.0164480209350586,0.8412832617759705,1.8328596353530884,0.7184351126300257,-0.24518507719039917,0.5439362525939941,0.46824127435684204,0.2633514404296875,0.9453433156013489,0.18522781133651733,0.051600221544504166
11.576211185031655,1.7779247760772705,-1.572874903678894,2.012812614440918,0.8482034802436829,1.8252509832382202,0.7141114473342896,-0.24411176145076752,0.5457131862640381,0.469076544046402,0.26357969641685486,0.946162760257721,0.180995374917984,0.050421278923749924
11.626211185031655,1.7718151251422327,-1.5706642309771937,2.00917911529541,0.8551176230060022,1.8177155256271362,0.7097851037979126,-0.2430347055196762,0.547496497631073,0.4698929786682129,0.2638026475906372,0.9469633102416992,0.17675933241844177,0.04924115911126137
11.676211185031656,1.7657502333270472,-1.5683822631835938,2.0055480003356934,0.8620260953903198,1.8102542161941528,0.7054576277732849,-0.2419537603855133,0.5492857694625854,0.47069087624549866,0.2640203833580017,0.9477449059486389,0.17251968383789062,0.048060134053230286
11.726211185031657,1.7597309350967407,-1.56602942943573,2.0019192695617676,0.8689286112785339,1.80286705493927,0.7011292576789856,-0.24086928367614746,0.5510813593864441,0.4714699685573578,0.264232873916626,0.9485074877738953,0.16827668249607086,0.04687805101275444
11.776211185031658,1.7537575960159302,-1.5636069774627686,1.998293399810791,0.8758256435394287,1.7955543994903564,0.6968004703521729,-0.23978115618228912,0.5528826117515564,0.47223031520843506,0.26444000005722046,0.9492510557174683,0.16403017938137054,0.04569513723254204
11.826211185031658,1.747831169758932,-1.5611157417297363,1.9946707487106323,0.882716715335846,1.7883164882659912,0.6924722194671631,-0.2386896163225174,0.5546897053718567,0.47297167778015137,0.2646418511867523,0.9499755501747131,0.15978047251701355,0.04451124742627144
11.876211185031659,1.7419524192810059,-1.5585569143295288,1.991051435470581,0.8896023631095886,1.7811534404754639,0.6881449222564697,-0.23759466409683228,0.5565024614334106,0.47369420528411865,0.2648383378982544,0.9506811499595642,0.15552757680416107,0.043326497077941895
11.92621118503166,1.7361214796649378,-1.5559316873550415,1.987436294555664,0.8964822292327881,1.7740652561187744,0.6838191191302698,-0.23649641871452332,0.5583204627037048,0.47439777851104736,0.26502957940101624,0.9513676166534424,0.1512715220451355,0.04214083030819893
11.97621118503166,1.7303393522845667,-1.5532405376434326,1.9838247299194336,0.9033567309379578,1.7670522928237915,0.6794956366168421,-0.2353949248790741,0.5601441860198975,0.4750823378562927,0.2652154862880707,0.9520350098609924,0.14701248705387115,0.040954362601041794
12.026211185031661,1.7246066331863403,-1.5504846572875977,1.9802175760269165,0.9102256894111633,1.7601144313812256,0.6751752495765686,-0.23429042100906372,0.5619727373123169,0.47574764490127563,0.2653961777687073,0.9526833891868591,0.14275039732456207,0.039767075330019
12.076211185031662,1.7189233938800257,-1.5476653575897217,1.9766151905059814,0.91708904504776,1.7532517910003662,0.6708579063415527,-0.2331828624010086,0.5638063549995422,0.47639405727386475,0.2655714452266693,0.9533127546310425,0.13848558068275452,0.03857900947332382
12.126211185031663,1.7132903337478638,-1.5447834730148315,1.9730178117752075,0.9239468574523926,1.7464641332626343,0.6665445566177368,-0.23207227885723114,0.5656449794769287,0.4770209789276123,0.2657415270805359,0.9539228677749634,0.13421787321567535,0.03739012032747269
12.176211185031663,1.7077076435089111,-1.5418400764465332,1.9694255590438843,0.9307990074157715,1.7397515773773193,0.6622353196144104,-0.23095886409282684,0.5674883127212524,0.47762876749038696,0.2659061551094055,0.9545140266418457,0.12994761765003204,0.03620046377182007
12.226211185031664,1.7021759192096155,-1.5388360023498535,1.9658386707305908,0.9376457929611206,1.7331140041351318,0.6579312682151794,-0.22984273731708527,0.5693362355232239,0.47821736335754395,0.2660655677318573,0.9550859928131104,0.12567460536956787,0.03501011058688164
12.276211185031665,1.6966954469680786,-1.5357725620269775,1.9622578620910645,0.9444864988327026,1.7265514135360718,0.6536322236061096,-0.22872385382652283,0.5711885094642639,0.47878652811050415,0.26621946692466736,0.9556388258934021,0.12139924615621567,0.03381907194852829
12.326211185031665,1.6912663618670862,-1.5326505899429321,1.958682894706726,0.9513219594955444,1.7200635115252894,0.6493390798568726,-0.22760245203971863,0.5730451345443726,0.47933635115623474,0.2663680911064148,0.956172525882721,0.1171213686466217,0.0326274074614048
12.376211185031666,1.6858890692340296,-1.5294712781906128,1.955114722251892,0.9581514596939087,1.713650107383728,0.6450523734092712,-0.2264784872531891,0.5749057531356812,0.479866623878479,0.266511470079422,0.9566872119903564,0.11284112185239792,0.0314350388944149
12.426211185031667,1.680563751851217,-1.5262354612350464,1.9515528678894043,0.9649751782417297,1.7073109149932861,0.64077228307724,-0.22535216808319092,0.5767704248428345,0.4803774356842041,0.26664939522743225,0.9571825265884399,0.10855864733457565,0.03024197369813919
12.476211185031667,1.6752904097186487,-1.5229442119598389,1.9479979276657104,0.9717932939529419,1.7010458707809448,0.6364993453025818,-0.22422340512275696,0.578639030456543,0.4808688163757324,0.26678216457366943,0.9576588273048401,0.10427393019199371,0.029048411175608635
12.526211185031668,1.670069694519043,-1.519598364830017,1.9444501399993896,0.9786051511764526,1.6948546171188354,0.6322340965270996,-0.22309258580207825,0.5805113315582275,0.48134052753448486,0.26690948009490967,0.958115816116333,0.09998723864555359,0.027854187414050102
12.576211185031669,1.664901081715719,-1.5161994695663452,1.9409098625183105,0.9854114055633545,1.6887367407428187,0.6279767155647278,-0.22195954620838165,0.5823871493339539,0.4817928075790405,0.26703155040740967,0.9585537314414978,0.09569848328828812,0.026659417897462845
12.62621118503167,1.6597850958453577,-1.512748122215271,1.9373773336410522,0.9922114014625549,1.682692289352417,0.623727560043335,-0.22082439064979553,0.5842663645744324,0.4822254776954651,0.26714813709259033,0.9589724540710449,0.0914078801870346,0.025464151054620743
12.67621118503167,1.6547218561172485,-1.5092453956604004,1.933853030204773,0.9990052580833435,1.6767204999923706,0.6194873452186584,-0.21968740224838257,0.5861486196517944,0.48263823986053467,0.267259418964386,0.9593718647956848,0.0871153250336647,0.02426835335791111
12.726211185031671,1.6497111320495605,-1.5056921243667603,1.930336594581604,1.0057929754257202,1.670821189880371,0.6152559518814087,-0.2185485064983368,0.5880342125892639,0.48303136229515076,0.26736530661582947,0.959752082824707,0.08282110095024109,0.02307206019759178
12.776211185031672,1.6447529792785645,-1.5020896196365356,1.9268288612365723,1.012574553489685,1.6649940013885498,0.6110340356826782,-0.21740779280662537,0.5899226069450378,0.4834049940109253,0.2674659192562103,0.9601130485534668,0.07852515578269958,0.021875357255339622
12.826211185031672,1.6398475170135498,-1.4984385967254639,1.9233298301696777,1.0193493366241455,1.6592384576797485,0.6068219542503357,-0.21626543998718262,0.5918139219284058,0.48375850915908813,0.267561137676239,0.9604548811912537,0.07422775030136108,0.020678168162703514
12.876211185031673,1.6349945068359375,-1.4947402477264404,1.9198397397994995,1.0261180400848389,1.653554081916809,0.6026197075843811,-0.21512144804000854,0.593707799911499,0.48409244418144226,0.2676509916782379,0.9607775211334229,0.06992878764867783,0.01948058418929577
12.926211185031674,1.6301940123187464,-1.4909955263137817,1.9163591861724854,1.0328799486160278,1.6479403972625732,0.598427951335907,-0.21397605538368225,0.5956039428710938,0.48440656065940857,0.26773548126220703,0.96108078956604,0.06562839448451996,0.018282562494277954
12.976211185031675,1.6254461447345179,-1.4872050285339355,1.9128879308700562,1.039635181427002,1.642397165298462,0.5942466894732874,-0.21282929182052612,0.5975028872489929,0.4847007393836975,0.2678145170211792,0.9613648653030396,0.061326730996370316,0.01708424836397171
13.026211185031675,1.6207502524005335,-1.4833701848983765,1.9094264507293701,1.0463837385177612,1.636923615132467,0.5900763869285583,-0.2116810381412506,0.5994036793708801,0.4849752187728882,0.2678883671760559,0.9616296887397766,0.05702381208539009,0.015885574743151665
13.076211185031676,1.616106629371643,-1.4794918298721313,1.9059752225875854,1.053125262260437,1.6315194368362427,0.5859171748161316,-0.21053162217140198,0.6013065576553345,0.4852296710014343,0.26795679330825806,0.9618752002716064,0.05271979421377182,0.01468654628843069
13.126211185031677,1.6115148703204554,-1.4755709171295166,1.9025342464447021,1.0598598718643188,1.6261839866638184,0.5817693471908569,-0.2093810737133026,0.6032112240791321,0.48546427488327026,0.26801982522010803,0.9621015191078186,0.0484146811068058,0.01348724402487278
13.176211185031677,1.6069749593734741,-1.4716081619262695,1.8991037607192993,1.0665873289108276,1.620916724205017,0.5776331424713135,-0.2082294523715973,0.6051176190376282,0.48567894101142883,0.268077552318573,0.9623085856437683,0.0441085547208786,0.012287655845284462
13.226211185031678,1.6024867296218872,-1.4676045179367065,1.895683765411377,1.0733075141906738,1.6157172918319702,0.5735088586807251,-0.20707695186138153,0.6070258021354675,0.4858737587928772,0.268129825592041,0.9624963402748108,0.03980168700218201,0.011087838560342789
13.276211185031679,1.5980499426471155,-1.4635610580444336,1.892275094985962,1.0800203084945679,1.6105849742889404,0.5693966150283813,-0.2059236466884613,0.6089351773262024,0.4860484302043915,0.26817673444747925,0.962664783000946,0.0354938730597496,0.009887827560305595
13.32621118503168,1.5936641693115234,-1.4594786167144775,1.888877511024475,1.0867255926132202,1.60551917552948,0.5652966499328613,-0.20476943254470825,0.6108459234237671,0.4862033724784851,0.26821833848953247,0.9628140330314636,0.031185442581772804,0.008687574416399002
13.37621118503168,1.5893293619155884,-1.4553581476211548,1.8854914903640747,1.0934233665466309,1.6005192995071411,0.561208963394165,-0.20361469686031342,0.612757682800293,0.4863380789756775,0.26825442910194397,0.9629439115524292,0.02687629498541355,0.007487130351364613
13.426211185031681,1.5850452184677124,-1.4512004852294922,1.8821172714233398,1.1001132726669312,1.5955849885940552,0.557134211063385,-0.20245929062366486,0.6146705150604248,0.4864528179168701,0.26828533411026,0.9630545377731323,0.022566700354218483,0.006286604329943657
13.476211185031682,1.5808113257037562,-1.4470064640045166,1.878754734992981,1.1067955493927002,1.5907152891159058,0.5530720949172974,-0.20130343735218048,0.6165841817855835,0.4865477681159973,0.2683108150959015,0.963145911693573,0.01825663633644581,0.0050858608447015285
13.526211185031682,1.576627556477682,-1.4427769184112549,1.8754045963287354,1.1134696006774902,1.5859099626541138,0.549022912979126,-0.2001471370458603,0.6184983849525452,0.4866224527359009,0.2683309018611908,0.9632180333137512,0.013946188613772392,0.0038851131685078144
13.576211185031683,1.5724936723709106,-1.438512921333313,1.8720669746398926,1.1201356649398804,1.5811680555343628,0.54498690366745,-0.19899064302444458,0.620413064956665,0.48667728900909424,0.26834556460380554,0.9632707834243774,0.009635419584810734,0.0026842160150408745
13.626211185031684,1.568409268056051,-1.4342150688171387,1.8687418699264526,1.126793384552002,1.576489273701803,0.5409640669822693,-0.19783394038677216,0.6223281025886536,0.48671191930770874,0.26835477352142334,0.9633042812347412,0.0053245872259140015,0.0014833430759608746
13.676211185031685,1.564373795186178,-1.4298843145370483,1.8654295206069946,1.133442997932434,1.5718727111816406,0.5369547049151819,-0.1966770440340042,0.6242434978485107,0.4867267608642578,0.26835882663726807,0.9633184671401978,0.001013563945889473,0.00028234365163370967
13.726211185031685,1.5603870153427124,-1.4255216121673584,1.8621306419372559,1.1400840282440186,1.5673178434371948,0.5329586863517761,-0.19552002847194672,0.6261587142944336,0.486721396446228,-0.26835739612579346,-0.9633133411407471,0.0032975419890135527,0.0009186125244013965
13.776211185031686,1.5564492384540003,-1.421127200126648,1.8588446378707886,1.1467163562774658,1.5628241300582886,0.5289769768714905,-0.19436347484588623,0.6280739307403564,0.4866960942745209,-0.26835063099861145,-0.9632889032363892,0.007608515210449696,0.0021195239387452602
13.826211185031687,1.552558724080221,-1.4167026281356812,1.8555724620819092,1.1533399820327759,1.5583909193622034,0.5250078439712524,-0.1932065337896347,0.6299889087677002,0.48665064573287964,-0.2683384120464325,-0.963245153427124,0.011919251643121243,0.003320352640002966
13.876211185031687,1.5487163702594202,-1.4122482538223267,1.8523141145706177,1.1599546670913696,1.554017186164856,0.52105313539505,-0.19205023348331451,0.6319032907485962,0.4865852892398834,-0.26832088828086853,-0.9631822109222412,0.01622987911105156,0.004521296825259924
13.926211185031688,1.5449212233172815,-1.4077650308609009,1.8490697145462036,1.166560411453247,1.5497029463397425,0.517112135887146,-0.19089408218860626,0.6338172554969788,0.48649993538856506,-0.26829794049263,-0.9630998969078064,0.02054007537662983,0.0057219392620027065
13.976211185031689,1.5411728064166468,-1.4032535552978516,1.8458397388458252,1.173156976699829,1.5454468727111816,0.5131848494159144,-0.18973836302757263,0.6357303857803345,0.48639434576034546,-0.2682696282863617,-0.9629983901977539,0.024850020185112953,0.006922655738890171
14.02621118503169,1.5374715963946741,-1.3987147808074951,1.8426238298416138,1.1797446012496948,1.5412487983703613,0.5092724005328577,-0.18858353793621063,0.637642502784729,0.48626908659935,-0.268235981464386,-0.9628775119781494,0.029159383848309517,0.008123137056827545
14.07621118503169,1.533816162739889,-1.3941491842269897,1.8394227027893066,1.186322569847107,1.5371079444885254,0.5053737163543701,-0.1874290555715561,0.639553964138031,0.4861236810684204,-0.26819702982902527,-0.9627373814582825,0.03346814960241318,0.009323454461991787
14.126211185031691,1.5302065054522913,-1.3895578384399414,1.8362364768981934,1.192891001701355,1.533023715019226,0.501488983631134,-0.18627530336380005,0.6414640545845032,0.4859583377838135,-0.2681525945663452,-0.9625778794288635,0.03777614235877991,0.01052357628941536
14.251211184604804,1.526642147694723,-1.3849412202835083,1.8330652713775635,1.1994500160217285,1.5289953390704554,0.49761831760406494,-0.1851223260164261,0.6433728933334351,0.48577308654785156,-0.2681027054786682,-0.9623993039131165,0.04208347573876381,0.011723455972969532
14.376211184177917,1.5302065054522913,-1.3895578384399414,1.8362364768981934,1.192891001701355,1.533023715019226,0.501488983631134,-0.18627530336380005,0.6414640545845032,0.4859583377838135,-0.2681525945663452,-0.9625778794288635,0.03777614235877991,0.01052357628941536
14.426211184177918,1.533816162739889,-1.3941491842269897,1.8394227027893066,1.186322569847107,1.5371079444885254,0.5053737163543701,-0.1874290555715561,0.639553964138031,0.4861236810684204,-0.26819702982902527,-0.9627373814582825,0.03346814960241318,0.009323454461991787
14.476211184177918,1.5374715963946741,-1.3987147808074951,1.8426238298416138,1.1797446012496948,1.5412487983703613,0.5092724005328577,-0.18858353793621063,0.637642502784729,0.48626908659935,-0.268235981464386,-0.9628775119781494,0.029159383848309517,0.008123137056827545
14.52621118417792,1.5411728064166468,-1.4032535552978516,1.8458397388458252,1.173156976699829,1.5454468727111816,0.5131848494159144,-0.18973836302757263,0.6357303857803345,0.48639434576034546,-0.2682696282863617,-0.9629983901977539,0.024850020185112953,0.006922655738890171
14.57621118417792,1.5449212233172815,-1.4077650308609009,1.8490697145462036,1.166560411453247,1.5497029463397425,0.517112135887146,-0.19089408218860626,0.6338172554969788,0.48649993538856506,-0.26829794049263,-0.9630998969078064,0.02054007537662983,0.0057219392620027065
14.62621118417792,1.5487163702594202,-1.4122482538223267,1.8523141145706177,1.1599546670913696,1.554017186164856,0.52105313539505,-0.19205023348331451,0.6319032907485962,0.4865852892398834,-0.26832088828086853,-0.9631822109222412,0.01622987911105156,0.004521296825259924
14.676211184177921,1.552558724080221,-1.4167026281356812,1.8555724620819092,1.1533399820327759,1.5583909193622034,0.5250078439712524,-0.1932065337896347,0.6299889087677002,0.48665064573287964,-0.2683384120464325,-0.963245153427124,0.011919251643121243,0.003320352640002966
14.726211184177922,1.5564492384540003,-1.421127200126648,1.8588446378707886,1.1467163562774658,1.5628241300582886,0.5289769768714905,-0.19436347484588623,0.6280739307403564,0.4866960942745209,-0.26835063099861145,-0.9632889032363892,0.007608515210449696,0.0021195239387452602
14.776211184177923,1.5603870153427124,-1.4255216121673584,1.8621306419372559,1.1400840282440186,1.5673178434371948,0.5329586863517761,-0.19552002847194672,0.6261587142944336,0.486721396446228,-0.26835739612579346,-0.9633133411407471,0.0032975419890135527,0.0009186125244013965
14.826211184177923,1.564373795186178,-1.4298843145370483,1.8654295206069946,1.133442997932434,1.5718727111816406,0.5369547049151819,-0.1966770440340042,0.6242434978485107,0.4867267608642578,0.26835882663726807,0.9633184671401978,0.001013563945889473,0.00028234365163370967
14.876211184177924,1.568409268056051,-1.4342150688171387,1.8687418699264526,1.126793384552002,1.576489273701803,0.5409640669822693,-0.19783394038677216,0.6223281025886536,0.48671191930770874,0.26835477352142334,0.9633042812347412,0.0053245872259140015,0.0014833430759608746
14.926211184177925,1.5724936723709106,-1.438512921333313,1.8720669746398926,1.1201356649398804,1.5811680555343628,0.54498690366745,-0.19899064302444458,0.620413064956665,0.48667728900909424,0.26834556460380554,0.9632707834243774,0.009635419584810734,0.0026842160150408745
14.976211184177926,1.576627556477682,-1.4427769184112549,1.8754045963287354,1.1134696006774902,1.5859099626541138,0.549022912979126,-0.2001471370458603,0.6184983849525452,0.4866224527359009,0.2683309018611908,0.9632180333137512,0.013946188613772392,0.0038851131685078144
15.026211184177926,1.5808113257037562,-1.4470064640045166,1.878754734992981,1.1067955493927002,1.5907152891159058,0.5530720949172974,-0.20130343735218048,0.6165841817855835,0.4865477681159973,0.2683108150959015,0.963145911693573,0.01825663633644581,0.0050858608447015285
15.076211184177927,1.5850452184677124,-1.4512004852294922,1.8821172714233398,1.1001132726669312,1.5955849885940552,0.557134211063385,-0.20245929062366486,0.6146705150604248,0.4864528179168701,0.26828533411026,0.9630545377731323,0.022566700354218483,0.006286604329943657
15.126211184177928,1.5893293619155884,-1.4553581476211548,1.8854914903640747,1.0934233665466309,1.6005192995071411,0.561208963394165,-0.20361469686031342,0.612757682800293,0.4863380789756775,0.26825442910194397,0.9629439115524292,0.02687629498541355,0.007487130351364613
15.176211184177928,1.5936641693115234,-1.4594786167144775,1.888877511024475,1.0867255926132202,1.60551917552948,0.5652966499328613,-0.20476943254470825,0.6108459234237671,0.4862033724784851,0.26821833848953247,0.9628140330314636,0.031185442581772804,0.008687574416399002
15.226211184177929,1.5980499426471155,-1.4635610580444336,1.892275094985962,1.0800203084945679,1.6105849742889404,0.5693966150283813,-0.2059236466884613,0.6089351773262024,0.4860484302043915,0.26817673444747925,0.962664783000946,0.0354938730597496,0.009887827560305595
15.27621118417793,1.6024867296218872,-1.4676045179367065,1.895683765411377,1.0733075141906738,1.6157172918319702,0.5735088586807251,-0.20707695186138153,0.6070258021354675,0.4858737587928772,0.268129825592041,0.9624963402748108,0.03980168700218201,0.011087838560342789
15.32621118417793,1.6069749593734741,-1.4716081619262695,1.8991037607192993,1.0665873289108276,1.620916724205017,0.5776331424713135,-0.2082294523715973,0.6051176190376282,0.48567894101142883,0.268077552318573,0.9623085856437683,0.0441085547208786,0.012287655845284462
15.376211184177931,1.6115148703204554,-1.4755709171295166,1.9025342464447021,1.0598598718643188,1.6261839866638184,0.5817693471908569,-0.2093810737133026,0.6032112240791321,0.48546427488327026,0.26801982522010803,0.9621015191078186,0.0484146811068058,0.01348724402487278
15.426211184177932,1.616106629371643,-1.4794918298721313,1.9059752225875854,1.053125262260437,1.6315194368362427,0.5859171748161316,-0.21053162217140198,0.6013065576553345,0.4852296710014343,0.26795679330825806,0.9618752002716064,0.05271979421377182,0.01468654628843069
15.476211184177933,1.6207502524005335,-1.4833701848983765,1.9094264507293701,1.0463837385177612,1.636923615132467,0.5900763869285583,-0.2116810381412506,0.5994036793708801,0.4849752187728882,0.2678883671760559,0.9616296887397766,0.05702381208539009,0.015885574743151665
15.526211184177933,1.6254461447345179,-1.4872050285339355,1.9128879308700562,1.039635181427002,1.642397165298462,0.5942466894732874,-0.21282929182052612,0.5975028872489929,0.4847007393836975,0.2678145170211792,0.9613648653030396,0.061326730996370316,0.01708424836397171
15.576211184177934,1.6301940123187464,-1.4909955263137817,1.9163591861724854,1.0328799486160278,1.6479403972625732,0.598427951335907,-0.21397605538368225,0.5956039428710938,0.48440656065940857,0.26773548126220703,0.96108078956604,0.06562839448451996,0.018282562494277954
15.626211184177935,1.6349945068359375,-1.4947402477264404,1.9198397397994995,1.0261180400848389,1.653554081916809,0.6026197075843811,-0.21512144804000854,0.593707799911499,0.48409244418144226,0.2676509916782379,0.9607775211334229,0.06992878764867783,0.01948058418929577
15.676211184177935,1.6398475170135498,-1.4984385967254639,1.9233298301696777,1.0193493366241455,1.6592384576797485,0.6068219542503357,-0.21626543998718262,0.5918139219284058,0.48375850915908813,0.267561137676239,0.9604548811912537,0.07422775030136108,0.020678168162703514
15.726211184177936,1.6447529792785645,-1.5020896196365356,1.9268288612365723,1.012574553489685,1.6649940013885498,0.6110340356826782,-0.21740779280662537,0.5899226069450378,0.4834049940109253,0.2674659192562103,0.9601130485534668,0.07852515578269958,0.021875357255339622
15.776211184177937,1.6497111320495605,-1.5056921243667603,1.930336594581604,1.0057929754257202,1.670821189880371,0.6152559518814087,-0.2185485064983368,0.5880342125892639,0.48303136229515076,0.26736530661582947,0.959752082824707,0.08282110095024109,0.02307206019759178
15.826211184177938,1.6547218561172485,-1.5092453956604004,1.933853030204773,0.9990052580833435,1.6767204999923706,0.6194873452186584,-0.21968740224838257,0.5861486196517944,0.48263823986053467,0.267259418964386,0.9593718647956848,0.0871153250336647,0.02426835335791111
15.876211184177938,1.6597850958453577,-1.512748122215271,1.9373773336410522,0.9922114014625549,1.682692289352417,0.623727560043335,-0.22082439064979553,0.5842663645744324,0.4822254776954651,0.26714813709259033,0.9589724540710449,0.0914078801870346,0.025464151054620743
15.926211184177939,1.664901081715719,-1.5161994695663452,1.9409098625183105,0.9854114055633545,1.6887367407428187,0.6279767155647278,-0.22195954620838165,0.5823871493339539,0.4817928075790405,0.26703155040740967,0.9585537314414978,0.09569848328828812,0.026659417897462845
15.97621118417794,1.670069694519043,-1.519598364830017,1.9444501399993896,0.9786051511764526,1.6948546171188354,0.6322340965270996,-0.22309258580207825,0.5805113315582275,0.48134052753448486,0.26690948009490967,0.958115816116333,0.09998723864555359,0.027854187414050102
16.02621118417794,1.6752904097186487,-1.5229442119598389,1.9479979276657104,0.9717932939529419,1.7010458707809448,0.6364993453025818,-0.22422340512275696,0.578639030456543,0.4808688163757324,0.26678216457366943,0.9576588273048401,0.10427393019199371,0.029048411175608635
16.07621118417794,1.680563751851217,-1.5262354612350464,1.9515528678894043,0.9649751782417297,1.7073109149932861,0.64077228307724,-0.22535216808319092,0.5767704248428345,0.4803774356842041,0.26664939522743225,0.9571825265884399,0.10855864733457565,0.03024197369813919
16.12621118417794,1.6858890692340296,-1.5294712781906128,1.955114722251892,0.9581514596939087,1.713650107383728,0.6450523734092712,-0.2264784872531891,0.5749057531356812,0.479866623878479,0.266511470079422,0.9566872119903564,0.11284112185239792,0.0314350388944149
16.17621118417794,1.6912663618670862,-1.5326505899429321,1.958682894706726,0.9513219594955444,1.7200635115252894,0.6493390798568726,-0.22760245203971863,0.5730451345443726,0.47933635115623474,0.2663680911064148,0.956172525882721,0.1171213686466217,0.0326274074614048
16.22621118417794,1.6966954469680786,-1.5357725620269775,1.9622578620910645,0.9444864988327026,1.7265514135360718,0.6536322236061096,-0.22872385382652283,0.5711885094642639,0.47878652811050415,0.26621946692466736,0.9556388258934021,0.12139924615621567,0.03381907194852829
16.276211184177942,1.7021759192096155,-1.5388360023498535,1.9658386707305908,0.9376457929611206,1.7331140041351318,0.6579312682151794,-0.22984273731708527,0.5693362355232239,0.47821736335754395,0.2660655677318573,0.9550859928131104,0.12567460536956787,0.03501011058688164
