time,shoulder_pan_joint,shoulder_lift_joint,elbow_joint,wrist_1_joint,wrist_2_joint,wrist_3_joint,target-POS_X,target-POS_Y,target-POS_Z,target-ROT_X,target-ROT_Y,target-ROT_Z,target-ROT_W
0.0,-4.71238899230957,-1.5707963705062866,1.0471975803375244,-1.5707963705062866,-1.5707963705062866,0.0,-0.13330009579658508,0.4757978320121765,0.7471938133239746,-0.9659258723258972,-9.036775594495339e-08,2.4160881295642866e-08,0.25881901383399963
1.0,-4.71238899230957,-1.5707963705062866,1.0471975803375244,-1.5707963705062866,-1.5707963705062866,0.0,-0.13330009579658508,0.4757978320121765,0.7471938133239746,-0.9659258723258972,-9.036775594495339e-08,2.4160881295642866e-08,0.25881901383399963
2.0,-4.71238899230957,-1.5707963705062866,1.0471975803375244,-1.5707963705062866,-1.5707963705062866,0.0,-0.13330009579658508,0.4757978320121765,0.7471938133239746,-0.9659258723258972,-9.036775594495339e-08,2.4160881295642866e-08,0.25881901383399963
3.0,-4.7125959396362305,-1.5679162740707397,1.0443516969680786,-1.5705444812774658,-1.5706809759140015,0.0,-0.1332128643989563,0.4770456552505493,0.7471414804458618,-0.9659628868103027,8.493006316712126e-05,2.8973916414543055e-05,0.25868088006973267
4.0,-4.712901592254639,-1.5636646747589111,1.04015052318573,-1.570172667503357,-1.570510745048523,0.0,-0.13308310508728027,0.4788878560066223,0.7470579743385315,-0.9660174250602722,0.0002105604507960379,7.171947800088674e-05,0.25847703218460083
5.0,-4.713319301605225,-1.557795763015747,1.034348726272583,-1.5696576833724976,-1.5702730417251587,0.0,-0.13290446996688843,0.48142924904823303,0.7469308376312256,-0.966092586517334,0.0003816570097114891,0.00013268031761981547,0.2581959366798401
6.0,-4.713939666748047,-1.5489859580993652,1.0256364345550537,-1.5688822269439697,-1.569912314414978,0.0,-0.13263586163520813,0.48524248600006104,0.7467136383056641,-0.9662049412727356,0.0006351125193759799,0.0002272491401527077,0.2577742338180542
7.0,-4.714569568634033,-1.5400383472442627,1.0167875289916992,-1.5680943727493286,-1.5695457458496094,0.0,-0.1323583871126175,0.4891141653060913,0.7464596629142761,-0.9663188457489014,0.0008925950969569385,0.0003236375341657549,0.2573462128639221
8.0,-4.715467929840088,-1.5269582271575928,1.0038419961929321,-1.566935658454895,-1.5690022706985474,0.0,-0.13195617496967316,0.4947667419910431,0.7460308074951172,-0.9664844870567322,0.0012573802378028631,0.0004718403215520084,0.25672173500061035
9.0,-4.716366767883301,-1.5138781070709229,0.9908964037895203,-1.5657769441604614,-1.568458914756775,0.0,-0.13154353201389313,0.500415563583374,0.7455293536186218,-0.9666494727134705,0.0016230606706812978,0.0006204163073562086,0.25609731674194336
10.0,-4.717441558837891,-1.4980171918869019,0.9752004742622375,-1.5643614530563354,-1.5677952766418457,0.0,-0.1310378462076187,0.5072569251060486,0.7448219656944275,-0.9668502807617188,0.0020592098589986563,0.0008058600942604244,0.25533443689346313
11.0,-4.718588829040527,-1.4810186624526978,0.9583794474601746,-1.5628409385681152,-1.567082405090332,0.0,-0.13048222661018372,0.514578640460968,0.743944525718689,-0.9670650959014893,0.002525139367207885,0.0010068442206829786,0.2545148730278015
12.0,-4.719829559326172,-1.4626407623291016,0.9401922225952148,-1.5611921548843384,-1.5663198232650757,0.0,-0.12986204028129578,0.5224805474281311,0.7428585886955261,-0.9672966003417969,0.003030874067917466,0.0012215678580105305,0.2536269426345825
13.0,-4.721219062805176,-1.442078709602356,0.9198417663574219,-1.559340476989746,-1.5654785633087158,0.0,-0.12914347648620605,0.5313010811805725,0.7414743304252625,-0.9675549268722534,0.0035999685060232878,0.0014573803637176752,0.252631276845932
14.0,-4.722624778747559,-1.4213087558746338,0.8992852568626404,-1.5574692487716675,-1.564631700515747,0.0,-0.12839186191558838,0.5401860475540161,0.739895761013031,-0.9678142070770264,0.004177409689873457,0.0016954541206359863,0.25162553787231445
15.0,-4.724260330200195,-1.3975244760513306,0.8757407665252686,-1.5553158521652222,-1.5637016296386719,0.0,-0.12748278677463531,0.5503266453742981,0.7378661036491394,-0.9681100249290466,0.0048578656278550625,0.0019476581364870071,0.2504708170890808
16.0,-4.725895881652832,-1.3737400770187378,0.852196216583252,-1.5531623363494873,-1.5627714395523071,0.0,-0.12654167413711548,0.5604235529899597,0.7356001138687134,-0.9684037566184998,0.005539672914892435,0.002202163450419903,0.2493162900209427
17.0,-4.727705478668213,-1.3478221893310547,0.826531171798706,-1.5508075952529907,-1.5618021488189697,0.0,-0.1254596710205078,0.57137131690979,0.7328655123710632,-0.9687215089797974,0.006303220521658659,0.002457001246511936,0.24805842339992523
18.0,-4.729576110839844,-1.3211621046066284,0.8001285195350647,-1.5483829975128174,-1.560819149017334,0.0,-0.12430015951395035,0.5825639963150024,0.729763388633728,-0.9690456390380859,0.007096713408827782,0.002713868860155344,0.24676474928855896
19.0,-4.731530666351318,-1.2934461832046509,0.7726761698722839,-1.545856237411499,-1.559818148612976,0.0,-0.12304443120956421,0.5941174030303955,0.7262297868728638,-0.9693800806999207,0.007930932566523552,0.0029725555796176195,0.2454191893339157
20.0,-4.733603000640869,-1.2642680406570435,0.7437703013420105,-1.5431883335113525,-1.5587921142578125,0.0,-0.12166471034288406,0.6061798930168152,0.7221723794937134,-0.9697293639183044,0.008821750991046429,0.0032329026143997908,0.24400140345096588
21.0,-4.735691547393799,-1.2348806858062744,0.714657187461853,-1.5404993295669556,-1.5577630996704102,0.0,-0.12022621184587479,0.6182143688201904,0.7177373170852661,-0.9700782299041748,0.009722520597279072,0.003496059449389577,0.2425726354122162
22.0,-4.7379326820373535,-1.2035408020019531,0.6836095452308655,-1.5376142263412476,-1.5567048788070679,0.0,-0.11862843483686447,0.6309103965759277,0.7126241326332092,-0.9704487323760986,0.01069687120616436,0.003759893123060465,0.2410408854484558
23.0,-4.740174293518066,-1.1722007989883423,0.6525617837905884,-1.534729242324829,-1.5556466579437256,0.0,-0.11697792261838913,0.643451452255249,0.7071216702461243,-0.9708155393600464,0.01167413592338562,0.004027445334941149,0.2395091950893402
24.0,-4.742532253265381,-1.1394621133804321,0.6201269030570984,-1.5317002534866333,-1.5545827150344849,0.0,-0.11518502235412598,0.6563737392425537,0.700962245464325,-0.9711963534355164,0.012710384093225002,0.004289126023650169,0.23790264129638672
25.0,-4.744924068450928,-1.1063156127929688,0.5872875452041626,-1.5286294221878052,-1.5535171031951904,0.0,-0.11331070959568024,0.6692566275596619,0.6943047046661377,-0.9715782403945923,0.01376565545797348,0.0045522586442530155,0.23627442121505737
26.0,-4.747372150421143,-1.0725071430206299,0.5537942051887512,-1.5254850387573242,-1.5524624586105347,0.0,-0.11133455485105515,0.682174801826477,0.6870822906494141,-0.971964955329895,0.014852851629257202,0.004808483179658651,0.23460696637630463
27.0,-4.749887943267822,-1.03789484500885,0.5195066928863525,-1.5222516059875488,-1.551421046257019,0.0,-0.10924526304006577,0.6951528191566467,0.6792438626289368,-0.9723583459854126,0.01597789116203785,0.0050559621304273605,0.23289169371128082
28.0,-4.752416133880615,-1.0031381845474243,0.4850766360759735,-1.5189998149871826,-1.5503859519958496,0.0,-0.10709033906459808,0.7079167366027832,0.6709311604499817,-0.9727492332458496,0.017112597823143005,0.005303784739226103,0.23116683959960938
29.0,-4.7550249099731445,-0.9674065113067627,0.44968467950820923,-1.5156255960464478,-1.5493934154510498,0.0,-0.1048070415854454,0.7207423448562622,0.661928653717041,-0.9731502532958984,0.01829494722187519,0.005528175737708807,0.22937610745429993
30.0,-4.757633686065674,-0.9316748976707458,0.41429269313812256,-1.5122512578964233,-1.54840087890625,0.0,-0.10247126966714859,0.7332510948181152,0.6524802446365356,-0.9735462665557861,0.019480308517813683,0.005757512990385294,0.22758567333221436
31.0,-4.76027250289917,-0.89532470703125,0.3782988488674164,-1.5087796449661255,-1.5474532842636108,0.0,-0.1000499352812767,0.7456333637237549,0.6424115896224976,-0.9739497900009155,0.02068907581269741,0.005968232173472643,0.22573938965797424
32.0,-4.762918949127197,-0.8588260412216187,0.3421604335308075,-1.5052847862243652,-1.5465162992477417,0.0,-0.0975724458694458,0.7577031254768372,0.6318593621253967,-0.9743509888648987,0.021905861794948578,0.006178517825901508,0.22387996315956116
33.0,-4.765561580657959,-0.8221370577812195,0.3058396875858307,-1.5017447471618652,-1.545607089996338,0.0,-0.09504877030849457,0.7694514989852905,0.6208142638206482,-0.9747527837753296,0.023127036169171333,0.006381608545780182,0.22199426591396332
34.0,-4.768200397491455,-0.7852450013160706,0.26932430267333984,-1.4981565475463867,-1.5447274446487427,0.0,-0.09248224645853043,0.780860185623169,0.6092796921730042,-0.9751554131507874,0.02435283362865448,0.0065771169029176235,0.22008086740970612
35.0,-4.770830154418945,-0.7483518719673157,0.23280896246433258,-1.4945586919784546,-1.543857455253601,0.0,-0.08988635987043381,0.7918491363525391,0.5973343849182129,-0.9755538702011108,0.025578107684850693,0.006774445530027151,0.21816186606884003
36.0,-4.7734150886535645,-0.7114536166191101,0.1962938904762268,-1.490910291671753,-1.5430376529693604,0.0,-0.08729042112827301,0.8024003505706787,0.584985613822937,-0.9759534597396851,0.026790093630552292,0.006958459038287401,0.2162148803472519
37.0,-4.776000022888184,-0.674555242061615,0.15977874398231506,-1.4872618913650513,-1.54221773147583,0.0,-0.08466823399066925,0.8125036954879761,0.5722598433494568,-0.9763472080230713,0.028004810214042664,0.007147886790335178,0.2142680287361145
38.0,-4.778510093688965,-0.6379755735397339,0.12358001619577408,-1.4835951328277588,-1.541446328163147,0.0,-0.08208687603473663,0.8220577239990234,0.5592809319496155,-0.9767383933067322,0.029190676286816597,0.0073271747678518295,0.21231229603290558
39.0,-4.781005859375,-0.6014569401741028,0.08744185417890549,-1.4799246788024902,-1.5406842231750488,0.0,-0.07950146496295929,0.8311299681663513,0.5459849834442139,-0.9771244525909424,0.03037302754819393,0.007508763112127781,0.21035434305667877
40.0,-4.783446788787842,-0.5653303265571594,0.05169110745191574,-1.4762686491012573,-1.5399532318115234,0.0,-0.07695377618074417,0.8396325707435608,0.5325140953063965,-0.9775038957595825,0.03153408691287041,0.00768566457554698,0.2084052413702011
41.0,-4.785836219787598,-0.5295712351799011,0.016303395852446556,-1.4726260900497437,-1.539251446723938,0.0,-0.07444622367620468,0.8475757837295532,0.5188857316970825,-0.9778769016265869,0.03267498314380646,0.007858304306864738,0.2064640372991562
42.0,-4.788206577301025,-0.4940303862094879,-0.01886865682899952,-1.4689995050430298,-1.538561224937439,0.0,-0.07195546478033066,0.8549972176551819,0.5050683617591858,-0.9782429933547974,0.033809613436460495,0.008031772449612617,0.20453141629695892
43.0,-4.790496349334717,-0.45939910411834717,-0.05314215272665024,-1.4654399156570435,-1.5379191637039185,0.0,-0.06954476982355118,0.8617633581161499,0.4913577139377594,-0.9785974621772766,0.03491095453500748,0.008193052373826504,0.20263583958148956
44.0,-4.792786121368408,-0.42476779222488403,-0.08741564303636551,-1.4618802070617676,-1.537277102470398,0.0,-0.06714001297950745,0.8680656552314758,0.477422297000885,-0.9789466857910156,0.03601441532373428,0.008358770981431007,0.200740247964859
45.0,-4.7949934005737305,-0.3914312422275543,-0.12041126936674118,-1.4584366083145142,-1.536700963973999,0.0,-0.06482841074466705,0.8736857175827026,0.46380898356437683,-0.9792794585227966,0.037083957344293594,0.008502242155373096,0.1989077776670456
46.0,-4.797187805175781,-0.3582865297794342,-0.15321758389472961,-1.455010175704956,-1.5361346006393433,0.0,-0.06254176050424576,0.878834068775177,0.450096070766449,-0.9796058535575867,0.03814985603094101,0.008645959198474884,0.19708459079265594
47.0,-4.799328804016113,-0.32614725828170776,-0.18503238260746002,-1.4516783952713013,-1.5356131792068481,0.0,-0.06032543629407883,0.8834025859832764,0.43664395809173584,-0.9799181222915649,0.03919418156147003,0.008774488233029842,0.19531331956386566
48.0,-4.801424503326416,-0.29483628273010254,-0.21603037416934967,-1.4484243392944336,-1.5351288318634033,0.0,-0.05817236006259918,0.8874478340148926,0.42340391874313354,-0.9802185893058777,0.0402202270925045,0.008891181088984013,0.1935845911502838
49.0,-4.803493022918701,-0.2640167772769928,-0.24654237926006317,-1.445216417312622,-1.5346661806106567,0.0,-0.056066032499074936,0.8910347819328308,0.41025397181510925,-0.9805102944374084,0.04123564437031746,0.009002359583973885,0.19188067317008972
50.0,-4.805466651916504,-0.2348822057247162,-0.2753881514072418,-1.442166805267334,-1.534277319908142,0.0,-0.0540737584233284,0.894062340259552,0.3977252244949341,-0.9807835221290588,0.04221057891845703,0.009085585363209248,0.19026151299476624
51.0,-4.807440757751465,-0.20574764907360077,-0.30423393845558167,-1.4391170740127563,-1.5338884592056274,0.0,-0.052102845162153244,0.8967347741127014,0.38511282205581665,-0.9810531139373779,0.04318680241703987,0.00917218066751957,0.18864190578460693
52.0,-4.809290409088135,-0.17889302968978882,-0.33082038164138794,-1.4362874031066895,-1.5335807800292969,0.0,-0.0502752847969532,0.8988820910453796,0.373418927192688,-0.981299638748169,0.04410742595791817,0.009227681905031204,0.18713787198066711
53.0,-4.811126232147217,-0.1522826999425888,-0.35716474056243896,-1.433481216430664,-1.533281922340393,0.0,-0.04848294332623482,0.9007091522216797,0.36177778244018555,-0.9815409183502197,0.04502251744270325,0.009282344952225685,0.18564599752426147
54.0,-4.812868118286133,-0.12734217941761017,-0.3818531036376953,-1.430842399597168,-1.5330328941345215,0.0,-0.0468020886182785,0.9021490216255188,0.3508235216140747,-0.9817647337913513,0.045894403010606766,0.009319223463535309,0.1842414289712906
55.0,-4.814542293548584,-0.10360763967037201,-0.4053454101085663,-1.4283241033554077,-1.5328195095062256,0.0,-0.04520570859313011,0.9032737016677856,0.34036579728126526,-0.981975793838501,0.04673512652516365,0.00934375450015068,0.1828993260860443
56.0,-4.816164970397949,-0.08070380985736847,-0.428014874458313,-1.4258908033370972,-1.5326234102249146,0.0,-0.043677765876054764,0.9041309952735901,0.33025044202804565,-0.982177197933197,0.047551464289426804,0.00936433207243681,0.1816020905971527
57.0,-4.817639350891113,-0.06018863245844841,-0.448318213224411,-1.4237016439437866,-1.532476544380188,0.0,-0.042305029928684235,0.9047085046768188,0.3211725354194641,-0.9823561310768127,0.04829617589712143,0.009368784725666046,0.1804337352514267
58.0,-4.819113731384277,-0.03967345505952835,-0.46862155199050903,-1.4215126037597656,-1.5323295593261719,0.0,-0.04094979912042618,0.9051056504249573,0.3120843768119812,-0.9825329780578613,0.04904123768210411,0.009375066496431828,0.17926529049873352
59.0,-4.8203558921813965,-0.022492073476314545,-0.48562631011009216,-1.419669508934021,-1.5322285890579224,0.0,-0.03982003405690193,0.9052990078926086,0.30446669459342957,-0.9826803803443909,0.04967128112912178,0.009370372630655766,0.17828170955181122
60.0,-4.821582317352295,-0.0055405995808541775,-0.5024036169052124,-1.417850375175476,-1.5321305990219116,0.0,-0.03871745243668556,0.9053655862808228,0.2969483733177185,-0.982824444770813,0.050293732434511185,0.009366082958877087,0.1773107498884201
61.0,-4.822634696960449,0.009012670256197453,-0.5168064832687378,-1.416283130645752,-1.5320557355880737,0.0,-0.037781231105327606,0.90532386302948,0.29049235582351685,-0.982947587966919,0.050828900188207626,0.009359080344438553,0.17647388577461243
62.0,-4.823577880859375,0.022051291540265083,-0.5297096967697144,-1.4148751497268677,-1.531995177268982,0.0,-0.036950282752513885,0.9052093625068665,0.2847079932689667,-0.98305743932724,0.05130923166871071,0.00935051217675209,0.17572158575057983
63.0,-4.824431896209717,0.03385114669799805,-0.5413861274719238,-1.413599967956543,-1.5319429636001587,0.0,-0.03620481491088867,0.9050430059432983,0.2794739603996277,-0.9831563830375671,0.05174453184008598,0.009342093020677567,0.17503958940505981
64.0,-4.82506799697876,0.04262295737862587,-0.5500638484954834,-1.4126490354537964,-1.5319108963012695,0.0,-0.03565310686826706,0.9048807621002197,0.27558329701423645,-0.98322993516922,0.05206960812211037,0.009332865476608276,0.1745300590991974
65.0,-4.825704574584961,0.05139472708106041,-0.5587414503097534,-1.4116982221603394,-1.5318788290023804,0.0,-0.03510497882962227,0.9046855568885803,0.27169349789619446,-0.9833031296730042,0.052394941449165344,0.009323956444859505,0.17402006685733795
66.0,-4.8260273933410645,0.05577036365866661,-0.5630670189857483,-1.4112231731414795,-1.5318683385849,0.0,-0.03482772037386894,0.9045764207839966,0.2697524428367615,-0.9833396077156067,0.05256034806370735,0.009316587820649147,0.17376379668712616
67.0,-4.8263397216796875,0.05999947339296341,-0.5672475695610046,-1.4107638597488403,-1.5318585634231567,0.0,-0.034560371190309525,0.9044631719589233,0.2678767740726471,-0.9833748936653137,0.05272042378783226,0.009309324435889721,0.17351600527763367
68.0,-4.826450347900391,0.06150011718273163,-0.5687309503555298,-1.4106009006500244,-1.5318551063537598,0.0,-0.03446604311466217,0.9044210314750671,0.26721128821372986,-0.9833873510360718,0.05277704820036888,0.009306845255196095,0.17342808842658997
69.0,-4.826450347900391,0.06150011718273163,-0.5687309503555298,-1.4106009006500244,-1.5318551063537598,0.0,-0.03446604311466217,0.9044210314750671,0.26721128821372986,-0.9833873510360718,0.05277704820036888,0.009306845255196095,0.17342808842658997
70.0,-4.826450347900391,0.06150011718273163,-0.5687309503555298,-1.4106009006500244,-1.5318551063537598,0.0,-0.03446604311466217,0.9044210314750671,0.26721128821372986,-0.9833873510360718,0.05277704820036888,0.009306845255196095,0.17342808842658997
71.0,-4.826450347900391,0.06150011718273163,-0.5687309503555298,-1.4106009006500244,-1.5318551063537598,0.0,-0.03446604311466217,0.9044210314750671,0.26721128821372986,-0.9833873510360718,0.05277704820036888,0.009306845255196095,0.17342808842658997
72.0,-4.824328899383545,0.06201408803462982,-0.5696789622306824,-1.4102352857589722,-1.5325751304626465,0.0,-0.03632374107837677,0.9042473435401917,0.2671481966972351,-0.9834403395652771,0.05179530382156372,0.009134786203503609,0.1734331250190735
73.0,-4.822201251983643,0.06253889203071594,-0.57064288854599,-1.4098458290100098,-1.5333095788955688,0.0,-0.038185082376003265,0.904066801071167,0.2670798599720001,-0.9834939241409302,0.050812121480703354,0.00895661674439907,0.17342913150787354
74.0,-4.8200812339782715,0.06299757212400436,-0.5714910626411438,-1.409507393836975,-1.5340285301208496,0.0,-0.04003940522670746,0.9038939476013184,0.2670227289199829,-0.9835461378097534,0.049831196665763855,0.008785508573055267,0.17342668771743774
75.0,-4.817958354949951,0.06348328292369843,-0.5723549127578735,-1.4092062711715698,-1.5347601175308228,0.0,-0.041893985122442245,0.9037198424339294,0.26695358753204346,-0.9835950136184692,0.0488496869802475,0.008607654832303524,0.1734372228384018
76.0,-4.815818786621094,0.06392858177423477,-0.5731619000434875,-1.4088867902755737,-1.5354831218719482,0.0,-0.04376387968659401,0.9035433530807495,0.26689156889915466,-0.9836462736129761,0.04785957559943199,0.008436468429863453,0.17343145608901978
77.0,-4.813700199127197,0.06439178436994553,-0.5739870071411133,-1.4085807800292969,-1.5362002849578857,0.0,-0.04561484605073929,0.9033641219139099,0.2668238878250122,-0.9836945533752441,0.046879034489393234,0.008265958167612553,0.1734331250190735
78.0,-4.811564922332764,0.0648110881447792,-0.5747198462486267,-1.4083267450332642,-1.536942720413208,0.0,-0.047476958483457565,0.903190553188324,0.266758531332016,-0.9837421178817749,0.04589230939745903,0.008084410801529884,0.17343641817569733
79.0,-4.809435844421387,0.0652235895395279,-0.5754565596580505,-1.4080504179000854,-1.5376604795455933,0.0,-0.04933542385697365,0.9030110239982605,0.26669836044311523,-0.9837891459465027,0.04490671679377556,0.007914772257208824,0.17343507707118988
80.0,-4.80730676651001,0.06563305854797363,-0.5761588215827942,-1.4078325033187866,-1.538395643234253,0.0,-0.05119096860289574,0.9028351902961731,0.2666323482990265,-0.9838328957557678,0.043922241777181625,0.007735904306173325,0.1734473705291748
81.0,-4.803039073944092,0.06641663610935211,-0.57750004529953,-1.4073988199234009,-1.539841890335083,0.0,-0.05491077899932861,0.9024761319160461,0.2665022909641266,-0.9839192628860474,0.04194686934351921,0.0073914979584515095,0.17346109449863434
82.0,-4.798768043518066,0.06709625571966171,-0.5786250233650208,-1.4070628881454468,-1.541290044784546,0.0,-0.05862963944673538,0.9021244645118713,0.2663763761520386,-0.9840025305747986,0.03996989130973816,0.007047008723020554,0.17346987128257751
83.0,-4.783799648284912,0.06909871101379395,-0.5816701054573059,-1.4064122438430786,-1.5464016199111938,0.0,-0.0716346874833107,0.900879979133606,0.2659207880496979,-0.9842584729194641,0.03304391726851463,0.005822150502353907,0.17352114617824554
84.0,-4.7816619873046875,0.06932056695222855,-0.5819819569587708,-1.4063563346862793,-1.5471324920654297,0.0,-0.07348925620317459,0.9006984829902649,0.2658601999282837,-0.9842923879623413,0.03205495700240135,0.005647295154631138,0.17351986467838287
85.0,-4.77522611618042,0.06991452723741531,-0.5826884508132935,-1.4063979387283325,-1.5493260622024536,0.0,-0.07906827330589294,0.9001649022102356,0.26566189527511597,-0.9843833446502686,0.029076438397169113,0.005123436450958252,0.17354491353034973
86.0,-4.7730712890625,0.0699855387210846,-0.5826811790466309,-1.4065102338790894,-1.5500675439834595,0.0,-0.08093317598104477,0.9000033736228943,0.26560792326927185,-0.9844130873680115,0.028079893440008163,0.004944885615259409,0.17354561388492584
87.0,-4.768789768218994,0.07010563462972641,-0.5825793147087097,-1.4068211317062378,-1.5515270233154297,0.0,-0.08463793992996216,0.8996858596801758,0.2654898464679718,-0.9844667911529541,0.02609853819012642,0.004596649669110775,0.1735595017671585
88.0,-4.7601847648620605,0.07008489221334457,-0.5818307399749756,-1.4076749086380005,-1.5544557571411133,0.0,-0.09207809716463089,0.8990598917007446,0.26526081562042236,-0.9845658540725708,0.02211594581604004,0.0038999542593955994,0.1735677421092987
89.0,-4.758037567138672,0.07006209343671799,-0.5816134810447693,-1.4079169034957886,-1.5552016496658325,0.0,-0.09393215924501419,0.8988979458808899,0.26520898938179016,-0.9845863580703735,0.021123403683304787,0.00371855148114264,0.17357897758483887
90.0,-4.755873680114746,0.06930064409971237,-0.5798793435096741,-1.408919334411621,-1.5559403896331787,0.0,-0.09579439461231232,0.8989004492759705,0.26520195603370667,-0.984607458114624,0.02012205868959427,0.0035423452500253916,0.17358221113681793
91.0,-4.753714561462402,0.0685180202126503,-0.5781229734420776,-1.4099171161651611,-1.556668758392334,0.0,-0.09765369445085526,0.898899495601654,0.2652025520801544,-0.9846278429031372,0.019122248515486717,0.003370862454175949,0.17358316481113434
92.0,-4.751552581787109,0.0677274540066719,-0.5763335824012756,-1.41094172000885,-1.5574198961257935,0.0,-0.0995136946439743,0.8988988399505615,0.26519811153411865,-0.9846469759941101,0.01812291145324707,0.0031884729396551847,0.17358535528182983
93.0,-4.7493977546691895,0.06689966470003128,-0.5744856595993042,-1.4119880199432373,-1.5581506490707397,0.0,-0.10136960446834564,0.8988997936248779,0.26520201563835144,-0.984664797782898,0.017125312238931656,0.0030154299456626177,0.17358846962451935
94.0,-4.747238636016846,0.06605570763349533,-0.5725904703140259,-1.4130741357803345,-1.5588816404342651,0.0,-0.10322943329811096,0.8989023566246033,0.2652031183242798,-0.9846808314323425,0.016125652939081192,0.0028425850905478,0.17359639704227448
95.0,-4.745083332061768,0.06517704576253891,-0.5706220865249634,-1.4141725301742554,-1.5596187114715576,0.0,-0.10508560389280319,0.8989077210426331,0.2652021646499634,-0.9846979379653931,0.015128451399505138,0.0026667146012187004,0.17359194159507751
96.0,-4.742923736572266,0.06433425843715668,-0.568731963634491,-1.4152480363845825,-1.5603609085083008,0.0,-0.10694608837366104,0.8989002704620361,0.26520293951034546,-0.9847121834754944,0.014129373244941235,0.002488585887476802,0.173597514629364
97.0,-4.740767478942871,0.06344471126794815,-0.5667375326156616,-1.4163671731948853,-1.5610982179641724,0.0,-0.1088038757443428,0.8988998532295227,0.26520177721977234,-0.98472660779953,0.013131760992109776,0.002312559401616454,0.17359690368175507
98.0,-4.738609790802002,0.06253781169652939,-0.564687967300415,-1.4175491333007812,-1.5618422031402588,0.0,-0.11066301167011261,0.8989036679267883,0.26519808173179626,-0.9847375750541687,0.012133677490055561,0.002133303554728627,0.17360910773277283
99.0,-4.7343010902404785,0.06067357957363129,-0.560541033744812,-1.4198616743087769,-1.5633022785186768,0.0,-0.11437913775444031,0.8988961577415466,0.26520633697509766,-0.9847604036331177,0.010138836689293385,0.0017882672837004066,0.17361150681972504
100.0,-4.7343010902404785,0.06067357957363129,-0.560541033744812,-1.4198616743087769,-1.5633022785186768,0.0,-0.11437913775444031,0.8988961577415466,0.26520633697509766,-0.9847604036331177,0.010138836689293385,0.0017882672837004066,0.17361150681972504
101.0,-4.734255313873291,0.06295792758464813,-0.5631382465362549,-1.4239215850830078,-1.5635305643081665,0.0,-0.114394411444664,0.8990306854248047,0.26490408182144165,-0.9843791127204895,0.01012415811419487,0.0016549198189750314,0.17576298117637634
102.0,-4.734155654907227,0.06770065426826477,-0.5685306191444397,-1.4324434995651245,-1.5639890432357788,0.0,-0.114432193338871,0.8992997407913208,0.26429250836372375,-0.9835638999938965,0.010091181844472885,0.0013860783074051142,0.18027283251285553
103.0,-4.733973503112793,0.07475671917200089,-0.57656329870224,-1.4452730417251587,-1.5646493434906006,0.0,-0.11452209949493408,0.899665355682373,0.263416588306427,-0.9822978973388672,0.010026463307440281,0.0010006970260292292,0.18705438077449799
104.0,-4.733663082122803,0.08393871039152145,-0.5870413780212402,-1.462148904800415,-1.56548011302948,0.0,-0.11470894515514374,0.9000701308250427,0.2623307704925537,-0.9805601835250854,0.00990965124219656,0.0005221518804319203,0.195967435836792
105.0,-4.73318338394165,0.09507659077644348,-0.5997582077980042,-1.4827708005905151,-1.566453456878662,0.0,-0.11503474414348602,0.9004494547843933,0.2610642910003662,-0.9783275723457336,0.009722955524921417,-2.594978650449775e-05,0.2068348526954651
106.0,-4.732500076293945,0.1079917699098587,-0.6145194172859192,-1.5068234205245972,-1.567555546760559,0.0,-0.11553313583135605,0.9007312059402466,0.25965845584869385,-0.9755709171295166,0.009454326704144478,-0.0006260087247937918,0.21948058903217316
107.0,-4.731603145599365,0.12251085788011551,-0.6311342120170593,-1.5339717864990234,-1.5687588453292847,0.0,-0.1162170022726059,0.9008424282073975,0.2581483721733093,-0.9722615480422974,0.009102512151002884,-0.001254723290912807,0.23371602594852448
108.0,-4.730494022369385,0.13846027851104736,-0.6494013071060181,-1.5638694763183594,-1.5700511932373047,0.0,-0.11708714067935944,0.9007135629653931,0.25656217336654663,-0.9683750867843628,0.008673420175909996,-0.0018963858019560575,0.2493411898612976
109.0,-4.729184627532959,0.1556791216135025,-0.6691168546676636,-1.596161961555481,-1.5714086294174194,0.0,-0.11813611537218094,0.9002819061279297,0.2549099922180176,-0.9638956785202026,0.008176003582775593,-0.002530044177547097,0.2661428451538086
110.0,-4.727673053741455,0.17402175068855286,-0.690078854560852,-1.6304916143417358,-1.5728219747543335,0.0,-0.11936532706022263,0.8994898796081543,0.2531870901584625,-0.9588184356689453,0.0076147825457155704,-0.0031406921334564686,0.28390055894851685
111.0,-4.725978851318359,0.19330838322639465,-0.712073802947998,-1.666503667831421,-1.5742576122283936,0.0,-0.12075962871313095,0.8982914090156555,0.25140994787216187,-0.9531461000442505,0.00699980603531003,-0.0037044191267341375,0.30240675806999207
112.0,-4.72412633895874,0.21335789561271667,-0.734882652759552,-1.703840970993042,-1.5757042169570923,0.0,-0.1222958117723465,0.8966520428657532,0.24959087371826172,-0.9468949437141418,0.00634581595659256,-0.004210165236145258,0.32145291566848755
113.0,-4.722130298614502,0.23397548496723175,-0.7582810521125793,-1.7421424388885498,-1.5771523714065552,0.0,-0.12395920604467392,0.8945504426956177,0.2477465569972992,-0.9400948882102966,0.005662002135068178,-0.00464777322486043,0.34083423018455505
114.0,-4.720024108886719,0.2549554109573364,-0.7820364236831665,-1.7810381650924683,-1.5785928964614868,0.0,-0.1257171332836151,0.8919826149940491,0.24589583277702332,-0.9327914118766785,0.004965657833963633,-0.005011964589357376,0.3603476881980896
115.0,-4.717811584472656,0.2761010527610779,-0.8059125542640686,-1.8201305866241455,-1.5800191164016724,0.0,-0.1275632232427597,0.8889594674110413,0.24404104053974152,-0.9250534772872925,0.004259270150214434,-0.005295421462506056,0.37977612018585205
116.0,-4.715486526489258,0.29719799757003784,-0.8296779990196228,-1.859039068222046,-1.5814183950424194,0.0,-0.12950006127357483,0.8855056762695312,0.24220237135887146,-0.9169595241546631,0.0035387894604355097,-0.0054878233931958675,0.39892685413360596
117.0,-4.713070392608643,0.3180207312107086,-0.8531010150909424,-1.8973546028137207,-1.582763671875,0.0,-0.13150779902935028,0.8816659450531006,0.24040356278419495,-0.9086068868637085,0.0028081482741981745,-0.005578968673944473,0.41760584712028503
118.0,-4.710592269897461,0.33837002515792847,-0.8759337067604065,-1.9346543550491333,-1.5840424299240112,0.0,-0.13355796039104462,0.8775098919868469,0.23863506317138672,-0.9001203179359436,0.0020761576015502214,-0.005570113658905029,0.4356010854244232
119.0,-4.708100318908691,0.35804876685142517,-0.897933840751648,-1.9704910516738892,-1.5852422714233398,0.0,-0.13560712337493896,0.8731257915496826,0.2368837594985962,-0.8916451334953308,0.0013577524805441499,-0.005469596479088068,0.4526999592781067
120.0,-4.705606937408447,0.37685659527778625,-0.918845534324646,-2.0044338703155518,-1.586347222328186,0.0,-0.13764549791812897,0.868614912033081,0.23513591289520264,-0.88334059715271,0.0006487129721790552,-0.0052789305336773396,0.46870157122612
121.0,-4.703118801116943,0.39456093311309814,-0.9384155869483948,-2.036059617996216,-1.5873465538024902,0.0,-0.1396680474281311,0.864088237285614,0.23340995609760284,-0.8753670454025269,-5.7232660765293986e-05,-0.005002983845770359,0.48343321681022644
122.0,-4.70067024230957,0.41094401478767395,-0.9563806653022766,-2.0649573802948,-1.5882384777069092,0.0,-0.14164681732654572,0.859674334526062,0.23170816898345947,-0.8678966164588928,-0.000753698346670717,-0.004658536985516548,0.4967224597930908
123.0,-4.698305606842041,0.42580369114875793,-0.9724857211112976,-2.0906918048858643,-1.589009404182434,0.0,-0.14354850351810455,0.8555099964141846,0.23002125322818756,-0.8611155152320862,-0.001434405567124486,-0.004261950496584177,0.5083895325660706
124.0,-4.696073055267334,0.43896275758743286,-0.9864680767059326,-2.1128718852996826,-1.5896546840667725,0.0,-0.14533749222755432,0.8517394065856934,0.22832289338111877,-0.8552093505859375,-0.002090329071506858,-0.003836124436929822,0.5182642936706543
125.0,-4.6940484046936035,0.4502345025539398,-0.9980630874633789,-2.1311137676239014,-1.5901684761047363,0.0,-0.1469569206237793,0.8485094308853149,0.2265947312116623,-0.8503597974777222,-0.002701938385143876,-0.003411566838622093,0.5261837840080261
126.0,-4.692309379577637,0.4593731462955475,-1.0070106983184814,-2.145019054412842,-1.5905373096466064,0.0,-0.1483493447303772,0.8459593653678894,0.2248704582452774,-0.8467294573783875,-0.003250356065109372,-0.0030167039949446917,0.5320053696632385
127.0,-4.690981864929199,0.4659704267978668,-1.013051986694336,-2.1542258262634277,-1.5907717943191528,0.0,-0.14941591024398804,0.8442160487174988,0.223323792219162,-0.8444186449050903,-0.0036888420581817627,-0.0027005949523299932,0.5356643795967102
128.0,-4.690258979797363,0.4694265127182007,-1.0159794092178345,-2.158672571182251,-1.5908753871917725,0.0,-0.14999935030937195,0.8433655500411987,0.22235482931137085,-0.8433665037155151,-0.003938063979148865,-0.0025218764785677195,0.5373185873031616
129.0,-4.690258979797363,0.4694265127182007,-1.0159794092178345,-2.158672571182251,-1.5908753871917725,0.0,-0.14999935030937195,0.8433655500411987,0.22235482931137085,-0.8433665037155151,-0.003938063979148865,-0.0025218764785677195,0.5373185873031616
130.0,-4.690258979797363,0.4694265127182007,-1.0159794092178345,-2.158672571182251,-1.5908753871917725,0.0,-0.14999935030937195,0.8433655500411987,0.22235482931137085,-0.8433665037155151,-0.003938063979148865,-0.0025218764785677195,0.5373185873031616
131.0,-4.688949108123779,0.4657588005065918,-1.011924386024475,-2.1571695804595947,-1.5891776084899902,0.0,-0.15129362046718597,0.8440396189689636,0.2233647108078003,-0.8438725471496582,-0.0049598743207752705,-0.0014680428430438042,0.5365188121795654
132.0,-4.686416149139404,0.45850107073783875,-1.0035927295684814,-2.1540744304656982,-1.585874319076538,0.0,-0.15380637347698212,0.8454424142837524,0.22521065175533295,-0.8449819684028625,-0.006942411419004202,0.0005738813779316843,0.5347495079040527
133.0,-4.682826519012451,0.4478778541088104,-0.9908835887908936,-2.14937162399292,-1.581176519393921,0.0,-0.15738852322101593,0.8475944995880127,0.22766518592834473,-0.8467719554901123,-0.009756728075444698,0.003466569585725665,0.5318553447723389
134.0,-4.67840051651001,0.43419530987739563,-0.9738086462020874,-2.1430909633636475,-1.575370192527771,0.0,-0.16183918714523315,0.850483775138855,0.23049288988113403,-0.849293053150177,-0.013227473944425583,0.00702618109062314,0.5277092456817627
135.0,-4.673271656036377,0.4172421395778656,-0.9518383145332336,-2.1349644660949707,-1.568629503250122,0.0,-0.1670483946800232,0.8541792631149292,0.23360568284988403,-0.852672815322876,-0.017245128750801086,0.011135919019579887,0.5220419764518738
136.0,-4.667740821838379,0.39749428629875183,-0.9256243705749512,-2.1251449584960938,-1.5613389015197754,0.0,-0.17273184657096863,0.8585017919540405,0.2369385063648224,-0.8567934632301331,-0.02156711183488369,0.015552066266536713,0.5149737596511841
137.0,-4.661991596221924,0.3755412995815277,-0.8957909941673279,-2.1139097213745117,-1.5537866353988647,0.0,-0.17870928347110748,0.8632698059082031,0.24032656848430634,-0.8615424633026123,-0.026027552783489227,0.02010192722082138,0.5066194534301758
138.0,-4.6562395095825195,0.3515709638595581,-0.8626230955123901,-2.1013636589050293,-1.546165108680725,0.0,-0.18477745354175568,0.8683731555938721,0.24376274645328522,-0.8668370246887207,-0.030472945421934128,0.02464485354721546,0.49704891443252563
139.0,-4.650739669799805,0.3258199095726013,-0.8264619708061218,-2.0876197814941406,-1.5386691093444824,0.0,-0.19069114327430725,0.8737069368362427,0.2472226768732071,-0.872593879699707,-0.03473358228802681,0.029031699523329735,0.48634424805641174
140.0,-4.645805835723877,0.2986047565937042,-0.7875767946243286,-2.072751045227051,-1.5315239429473877,0.0,-0.19614277780056,0.8792129158973694,0.2505664825439453,-0.8787809014320374,-0.03860724717378616,0.0330863781273365,0.4745093584060669
141.0,-4.641733646392822,0.2699876129627228,-0.7456152439117432,-2.05674409866333,-1.5251314640045166,0.0,-0.2008221298456192,0.8849499225616455,0.253559947013855,-0.8854739665985107,-0.04185989126563072,0.03656008467078209,0.4613535702228546
142.0,-4.638447284698486,0.24048084020614624,-0.7017752528190613,-2.039933443069458,-1.5194790363311768,0.0,-0.20476195216178894,0.8906142115592957,0.2563648521900177,-0.8923948407173157,-0.04452507197856903,0.039490003138780594,0.44731390476226807
143.0,-4.635958671569824,0.21031008660793304,-0.6564875245094299,-2.0223875045776367,-1.5146101713180542,0.0,-0.2079218327999115,0.8960869908332825,0.25898873805999756,-0.8994532823562622,-0.046588119119405746,0.04186147078871727,0.43250569701194763
144.0,-4.63419246673584,0.17972645163536072,-0.6099615693092346,-2.00417160987854,-1.510556697845459,0.0,-0.21034516394138336,0.9012873768806458,0.26130619645118713,-0.9066134691238403,-0.04807848855853081,0.04368166998028755,0.41693225502967834
145.0,-4.632998943328857,0.14899693429470062,-0.5622254610061646,-1.9853466749191284,-1.5073411464691162,0.0,-0.21214857697486877,0.9061578512191772,0.2630823850631714,-0.9138756990432739,-0.04906332492828369,0.044972892850637436,0.40050169825553894
146.0,-4.63225793838501,0.11846370995044708,-0.5132494568824768,-1.9658712148666382,-1.5051518678665161,0.0,-0.21341295540332794,0.910664439201355,0.2639654278755188,-0.9212802648544312,-0.04956744611263275,0.04566841945052147,0.3830147981643677
147.0,-4.631793022155762,0.08826109766960144,-0.46404656767845154,-1.945913553237915,-1.503845453262329,0.0,-0.2142913043498993,0.9145870208740234,0.2643498182296753,-0.9285717010498047,-0.04972271993756294,0.045877132564783096,0.3649349510669708
148.0,-4.631497859954834,0.05849188566207886,-0.415244996547699,-1.925558090209961,-1.5033681392669678,0.0,-0.21487604081630707,0.9178162217140198,0.264463871717453,-0.9356094598770142,-0.049612097442150116,0.045646537095308304,0.3465401232242584
149.0,-4.631343841552734,0.029284505173563957,-0.36740174889564514,-1.9048876762390137,-1.503739833831787,0.0,-0.21518509089946747,0.9203049540519714,0.2644811272621155,-0.9422937631607056,-0.04927023500204086,0.04497393220663071,0.3280736804008484
150.0,-4.631386756896973,0.0007647611782886088,-0.3210543096065521,-1.8840152025222778,-1.5049890279769897,0.0,-0.21516217291355133,0.9220548272132874,0.2645763158798218,-0.94854336977005,-0.04869366064667702,0.043840572237968445,0.3097940981388092
151.0,-4.631895542144775,-0.026880880817770958,-0.27691027522087097,-1.8631014823913574,-1.5072386264801025,0.0,-0.21454717218875885,0.923134446144104,0.2649628520011902,-0.9542798399925232,-0.04776555299758911,0.042157500982284546,0.29204675555229187
152.0,-4.633243560791016,-0.05325738340616226,-0.23568002879619598,-1.842451810836792,-1.510689377784729,0.0,-0.21297968924045563,0.9236927032470703,0.26568105816841125,-0.9594587683677673,-0.046307556331157684,0.039793215692043304,0.27515652775764465
153.0,-4.635457515716553,-0.07843373715877533,-0.19711068272590637,-1.8222825527191162,-1.5151276588439941,0.0,-0.21046727895736694,0.9238446354866028,0.2667008340358734,-0.964113712310791,-0.04435843601822853,0.036863237619400024,0.2591492235660553
154.0,-4.6386213302612305,-0.10231004655361176,-0.1614634394645691,-1.802761435508728,-1.5204591751098633,0.0,-0.20695099234580994,0.9236878752708435,0.2680886387825012,-0.9682436585426331,-0.041907213628292084,0.03342431038618088,0.24419456720352173
155.0,-4.6426920890808105,-0.12476072460412979,-0.12895242869853973,-1.7840317487716675,-1.526546835899353,0.0,-0.20249655842781067,0.9232998490333557,0.2698588967323303,-0.9718616008758545,-0.03900306299328804,0.029568523168563843,0.23041191697120667
156.0,-4.647489547729492,-0.14563283324241638,-0.0997348502278328,-1.7662168741226196,-1.5332177877426147,0.0,-0.19730035960674286,0.9227355718612671,0.2719666659832001,-0.9749922752380371,-0.03575889393687248,0.0254155695438385,0.21786552667617798
157.0,-4.652799606323242,-0.16437660157680511,-0.07507622987031937,-1.7497828006744385,-1.5403332710266113,0.0,-0.19158613681793213,0.9220580458641052,0.27461108565330505,-0.9775515794754028,-0.03229932859539986,0.021078821271657944,0.20713631808757782
158.0,-4.65826940536499,-0.1813303530216217,-0.05444575101137161,-1.7346796989440918,-1.5474977493286133,0.0,-0.18572694063186646,0.9212705492973328,0.2778283655643463,-0.9796126484870911,-0.02882792055606842,0.016783447936177254,0.19810721278190613
159.0,-4.663764476776123,-0.1964743286371231,-0.03751647472381592,-1.7209935188293457,-1.5545048713684082,0.0,-0.1798735409975052,0.9204384684562683,0.28144222497940063,-0.9812462329864502,-0.025416672229766846,0.012634373269975185,0.19065748155117035
160.0,-4.669105529785156,-0.20969867706298828,-0.02405604161322117,-1.7088673114776611,-1.561159372329712,0.0,-0.17421478033065796,0.9196181297302246,0.2852492034435272,-0.9825071692466736,-0.022157324478030205,0.008734330534934998,0.18469569087028503
161.0,-4.6740899085998535,-0.22089630365371704,-0.013799766078591347,-1.698452353477478,-1.5672639608383179,0.0,-0.16895858943462372,0.9188569784164429,0.28903329372406006,-0.9834446310997009,-0.019153162837028503,0.005187265574932098,0.18011970818042755
162.0,-4.678427696228027,-0.2297389805316925,-0.006836880464106798,-1.690171480178833,-1.572487473487854,0.0,-0.16440457105636597,0.9182154536247253,0.29259154200553894,-0.9840644598007202,-0.01656215451657772,0.0021740971133112907,0.1770258992910385
163.0,-4.681779861450195,-0.23604603111743927,-0.002825785893946886,-1.6842941045761108,-1.5764293670654297,0.0,-0.1609012484550476,0.9177319407463074,0.29561740159988403,-0.9844080209732056,-0.01457357220351696,-9.017905540531501e-05,0.17529568076133728
164.0,-4.683941841125488,-0.2399875372648239,-0.0007095051696524024,-1.680612564086914,-1.5789958238601685,0.0,-0.1586419939994812,0.9174097180366516,0.2977049648761749,-0.9845841526985168,-0.013290499337017536,-0.001556494040414691,0.1743990182876587
165.0,-4.684844017028809,-0.24160222709178925,3.8813559513073415e-05,-1.6790997982025146,-1.5800799131393433,0.0,-0.15769845247268677,0.9172720909118652,0.2986196279525757,-0.9846453666687012,-0.012754056602716446,-0.0021735464688390493,0.17408700287342072
166.0,-4.684844017028809,-0.24160222709178925,3.8813559513073415e-05,-1.6790997982025146,-1.5800799131393433,0.0,-0.15769845247268677,0.9172720909118652,0.2986196279525757,-0.9846453666687012,-0.012754056602716446,-0.0021735464688390493,0.17408700287342072
167.0,-4.6860175132751465,-0.2410111427307129,-0.0013509001582860947,-1.6799743175506592,-1.5795201063156128,0.0,-0.1566796749830246,0.9175394177436829,0.29889315366744995,-0.9845073223114014,-0.012219402939081192,-0.0019885748624801636,0.17490585148334503
168.0,-4.6875128746032715,-0.2414352297782898,-0.00036232947604730725,-1.6815136671066284,-1.5783216953277588,0.0,-0.1554286628961563,0.9178376197814941,0.29897695779800415,-0.98443204164505,-0.011585358530282974,-0.001523112878203392,0.1753772497177124
