time,ur20-shoulder_pan_joint,ur20-shoulder_lift_joint,ur20-elbow_joint,ur20-wrist_1_joint,ur20-wrist_2_joint,ur20-wrist_3_joint,target-POS_X,target-POS_Y,target-POS_Z,target-ROT_X,target-ROT_Y,target-ROT_Z,target-ROT_W
0.0,1.9927528540240687,-0.6606019178973597,1.445325255393982,-0.784722626209259,-2.7196171283721924,0.0,-0.2849985361099243,1.0089396238327026,0.09099575132131577,0.5000044107437134,0.49999532103538513,0.4999951422214508,0.5000049471855164
1.0,1.9894823375676263,-0.655606985451696,1.4293833232697866,-0.7737754517115881,-2.722887528282542,0.0,-0.2850445508956909,1.0186638832092285,0.09326455742120743,0.5000044703483582,0.49999526143074036,0.4999951422214508,0.5000050067901611
2.0,1.9861957032643216,-0.650587436846072,1.4133628256883968,-0.7627743270551348,-2.726174045465388,0.0,-0.28500160574913025,1.0283737182617188,0.09559280425310135,0.5000044107437134,0.49999532103538513,0.49999508261680603,0.5000050663948059
3.0,1.9830143193420187,-0.6453446144385635,1.3970269480340038,-0.7516818795184259,-2.729355424635663,0.0,-0.28504395484924316,1.0380975008010864,0.09786403179168701,0.5000046491622925,0.4999952018260956,0.4999951422214508,0.5000048875808716
4.0,1.9798206685578554,-0.6400647110284536,1.3805916991129508,-0.7405271782192963,-2.7325490754198265,0.0,-0.28500425815582275,1.047808051109314,0.10018998384475708,0.500004768371582,0.4999952018260956,0.4999952018260956,0.500004768371582
5.0,1.976725609315316,-0.6345639768662007,1.3638364274564827,-0.7292726947588004,-2.735644241698204,0.0,-0.28504323959350586,1.0575311183929443,0.10246363282203674,0.5000048279762268,0.49999523162841797,0.49999523162841797,0.5000046491622925
6.0,1.973622171275921,-0.6290131983052647,1.346960019010408,-0.7179470668232157,-2.738747796866148,0.0,-0.2850077152252197,1.06724214553833,0.10478732734918594,0.5000047087669373,0.49999526143074036,0.49999526143074036,0.5000046491622925
7.0,1.9747641392551616,-0.630145084315768,1.3531808586716472,-0.7230359132533838,-2.7376057397596507,0.0,-0.2850385904312134,1.0636948347091675,0.10278932750225067,0.500004768371582,0.4999951720237732,0.49999523162841797,0.5000047087669373
8.0,1.9778488384077058,-0.6356943329056935,1.3700370134977806,-0.7343426735857438,-2.7345209822455674,0.0,-0.28502464294433594,1.05397629737854,0.10049928724765778,0.5000047087669373,0.4999951720237732,0.4999951124191284,0.5000048279762268
9.0,1.9770447449168087,-0.6342641483804415,1.3653651820828012,-0.731100994001939,-2.735325054697144,0.0,-0.2850900888442993,1.0566405057907104,0.10126273334026337,0.5000048279762268,0.4999951720237732,0.49999523162841797,0.500004768371582
10.0,1.9740331651801317,-0.6288721313113173,1.3484717916719378,-0.719599651943703,-2.738336634433821,0.0,-0.2851630449295044,1.0663018226623535,0.10378260910511017,0.500004768371582,0.4999951422214508,0.4999951422214508,0.5000048279762268
11.0,1.971003118864919,-0.6234470511605615,1.3314748133942291,-0.708027785292079,-2.7413666807490333,0.0,-0.2851475477218628,1.0759459733963013,0.10636721551418304,0.500004768371582,0.4999951422214508,0.4999951422214508,0.500004768371582
12.0,1.967954195498509,-0.6179881730063751,1.3143719447122904,-0.6963838264357457,-2.744415604115444,0.0,-0.28504204750061035,1.0855720043182373,0.10901696979999542,0.500004768371582,0.4999952018260956,0.4999952018260956,0.500004768371582
13.0,1.9649997987512644,-0.6120700915340893,1.296799886929873,-0.6847297973952022,-2.7473700652312933,0.0,-0.2850397825241089,1.0952686071395874,0.11139696836471558,0.500004768371582,0.4999952018260956,0.49999526143074036,0.5000047087669373
14.0,1.9620687564824693,-0.605946413994279,1.2789653723399463,-0.6730188745308195,-2.7503011972097138,0.0,-0.28502142429351807,1.1049824953079224,0.11370900273323059,0.5000047087669373,0.4999952018260956,0.4999952018260956,0.5000047087669373
15.0,1.9592010475910464,-0.599630239150413,1.2608180146914965,-0.6611876827524332,-2.7531689136845188,0.0,-0.2850388288497925,1.1147023439407349,0.11599700152873993,0.5000047087669373,0.49999526143074036,0.49999526143074036,0.5000047087669373
16.0,1.9563505651260775,-0.593195107134546,1.242442408135832,-0.649247235513912,-2.7560193649535694,0.0,-0.28502392768859863,1.124416708946228,0.11830681562423706,0.5000047087669373,0.4999952018260956,0.4999952018260956,0.5000047087669373
17.0,1.953556954697214,-0.5865659908289067,1.2237410654071896,-0.6371750549315078,-2.758812909522127,0.0,-0.2850375175476074,1.1341363191604614,0.120597243309021,0.500004768371582,0.4999951720237732,0.4999951720237732,0.500004768371582
18.0,1.950784190981873,-0.579799890533864,1.2047788373722252,-0.6249789837277153,-2.7615855874598507,0.0,-0.2850261926651001,1.1438511610031128,0.1229044646024704,0.5000048279762268,0.4999951124191284,0.4999951720237732,0.500004768371582
19.0,1.9480620244741234,-0.5728370413630969,1.185474694820781,-0.6126377653417656,-2.7643077195035586,0.0,-0.2850363254547119,1.153570294380188,0.12519735097885132,0.5000047087669373,0.4999951720237732,0.4999951720237732,0.500004768371582
20.0,1.9453643952419573,-0.5657171184881652,1.165872273197413,-0.6001553542925888,-2.767005348735725,0.0,-0.28502869606018066,1.1632858514785767,0.1275021731853485,0.5000048279762268,0.4999951422214508,0.4999952018260956,0.5000046491622925
21.0,1.942683575600561,-0.557858659337708,1.1457672224239446,-0.5879087180923793,-2.7696861864104245,0.0,-0.2850337028503418,1.1731019020080566,0.12916457653045654,0.5000048279762268,0.49999523162841797,0.49999523162841797,0.5000047087669373
22.0,1.9400012053616817,-0.5493660329962112,1.1251480879805404,-0.5757820594482482,-2.772368589195693,0.0,-0.285025954246521,1.183022379875183,0.1303199678659439,0.500004768371582,0.49999523162841797,0.49999523162841797,0.500004768371582
23.0,1.9325610886200872,-0.519125119483713,1.0639477447669161,-0.5285292041496907,-2.7375931312760278,0.0,-0.2845836877822876,1.1928300857543945,0.12950454652309418,0.5051292777061462,0.49157091975212097,0.48705777525901794,0.5157296061515808
24.0,1.9213515338384712,-0.47168387423482383,0.9706323269557228,-0.45357526048527874,-2.6734579296198016,0.0,-0.284189909696579,1.2008455991744995,0.1281111091375351,0.5134585499763489,0.47552821040153503,0.46374645829200745,0.5432977080345154
25.0,1.9291947825726719,-0.5028579707051896,1.0349108936793858,-0.5026313521324138,-2.706944802414806,0.0,-0.28465738892555237,1.190882682800293,0.12763406336307526,0.5090132355690002,0.4844706952571869,0.47658318281173706,0.5282633900642395
26.0,1.936257996897214,-0.5309317105808622,1.092796765800703,-0.5468086695898096,-2.737101306132255,0.0,-0.28491276502609253,1.1809005737304688,0.12755624949932098,0.5047449469566345,0.4922090768814087,0.48805904388427734,0.5145493149757385
27.0,1.9427255110855268,-0.5566377563869528,1.1458006365662619,-0.5872601431440723,-2.7647144588274557,0.0,-0.2849958837032318,1.170923113822937,0.12778344750404358,0.5006187558174133,0.4990297257900238,0.4984922409057617,0.5018520951271057
28.0,1.9459589440990175,-0.5664593164239966,1.1702575873381675,-0.6037983361305991,-2.7664108997355226,0.0,-0.28504371643066406,1.1611671447753906,0.1258539855480194,0.500004768371582,0.4999951720237732,0.49999523162841797,0.500004768371582
29.0,1.9486385952561758,-0.5735763974681103,1.189836787128042,-0.616260600433632,-2.7637313650241824,0.0,-0.2850123643875122,1.1514462232589722,0.12357580661773682,0.500004768371582,0.49999526143074036,0.49999526143074036,0.5000045895576477
30.0,1.9513940523062419,-0.5804441079038279,1.2090019783252324,-0.6285579425643828,-2.760975930090019,0.0,-0.28504252433776855,1.1417375802993774,0.12125658988952637,0.5000047087669373,0.4999952018260956,0.4999952018260956,0.5000047087669373
31.0,1.9541491240050808,-0.5872087679094242,1.2279452519317262,-0.6407363522498907,-2.75822085839118,0.0,-0.2850154638290405,1.1320173740386963,0.1189754456281662,0.5000046491622925,0.49999526143074036,0.49999526143074036,0.5000047087669373
32.0,1.9569769257017329,-0.5937487469985983,1.2465222630054924,-0.6527734274082027,-2.755392900319447,0.0,-0.2850409746170044,1.1223050355911255,0.11665834486484528,0.500004768371582,0.4999951720237732,0.4999951124191284,0.5000048279762268
33.0,1.9598101560107648,-0.6001841439906566,1.2648832860186974,-0.6646991700231892,-2.7525594679118495,0.0,-0.28501808643341064,1.1125855445861816,0.1143743246793747,0.500004768371582,0.4999952018260956,0.4999951422214508,0.5000048875808716
34.0,1.962712492150824,-0.6064142570628103,1.2829132006809008,-0.6764990672905,-2.7496571624049837,0.0,-0.28503990173339844,1.102872371673584,0.11206024885177612,0.5000048279762268,0.4999952018260956,0.4999951422214508,0.500004768371582
35.0,1.965626938425943,-0.6125394469849182,1.3007368291027355,-0.688197593279608,-2.7467428327823735,0.0,-0.2850210666656494,1.0931532382965088,0.10977359861135483,0.5000048875808716,0.4999951422214508,0.4999951422214508,0.5000046491622925
36.0,1.957806214252396,-0.6282483105511858,1.3177211174196686,-0.7402277253906494,-2.7286366714727097,0.0,-0.2765153646469116,1.088152527809143,0.11236928403377533,0.5229074954986572,0.48656728863716125,0.500058114528656,0.4896547496318817
37.0,1.9451148661170055,-0.6483140870235787,1.3343421955228654,-0.8105792561050585,-2.7036308248160266,0.0,-0.2646702527999878,1.0856667757034302,0.11667167395353317,0.5555351972579956,0.46660804748535156,0.49919357895851135,0.47377556562423706
38.0,1.9324235179816147,-0.6683798634959716,1.3509632736260622,-0.8809307868194676,-2.678624978159344,0.0,-0.25340768694877625,1.0836914777755737,0.12046835571527481,0.5872992277145386,0.4461852014064789,0.49722421169281006,0.4569095969200134
39.0,1.919732169846224,-0.6884456399683644,1.367584351729259,-0.9512823175338763,-2.6536191315026607,0.0,-0.2427268773317337,1.0823156833648682,0.12385725975036621,0.6181271076202393,0.4253584146499634,0.4941841959953308,0.43905705213546753
40.0,1.9070408217108334,-0.7085114164407572,1.3842054298324558,-1.0216338482482854,-2.628613284845978,0.0,-0.23261934518814087,1.0816195011138916,0.12694545090198517,0.6479491591453552,0.4041883051395416,0.4901103973388672,0.4202207624912262
41.0,1.8943494735754427,-0.7285771929131502,1.4008265079356526,-1.0919853789626943,-2.603607438189295,0.0,-0.22306960821151733,1.0816720724105835,0.12984777987003326,0.6766982078552246,0.3827367126941681,0.48504284024238586,0.4004068374633789
42.0,1.881658125440052,-0.7486429693855429,1.4174475860388493,-1.1623369096771032,-2.578601591532612,0.0,-0.21405482292175293,1.0825303792953491,0.1326858401298523,0.7043101787567139,0.3610661029815674,0.4790237545967102,0.3796241879463196
43.0,1.8689667773046614,-0.7687087458579358,1.4340686641420461,-1.2326884403915122,-2.553595744875929,0.0,-0.2055463194847107,1.084238886833191,0.1355864703655243,0.7307240962982178,0.33923977613449097,0.4720984101295471,0.35788506269454956
44.0,1.8562754291692707,-0.7887745223303286,1.450689742245243,-1.3030399711059213,-2.528589898219246,0.0,-0.19750922918319702,1.0868279933929443,0.13868044316768646,0.7558819651603699,0.31732115149497986,0.46431392431259155,0.335204541683197
45.0,1.84358408103388,-0.8088402988027213,1.4673108203484397,-1.37339150182033,-2.503584051562563,0.0,-0.18990349769592285,1.09031343460083,0.14210106432437897,0.7797294855117798,0.2953743040561676,0.4557199776172638,0.31160107254981995
46.0,1.8308927328984894,-0.8289060752751143,1.4839318984516363,-1.443743032534739,-2.47857820490588,0.0,-0.18268555402755737,1.0946954488754272,0.14598233997821808,0.8022152781486511,0.2734631597995758,0.4463678300380707,0.2870960235595703
47.0,1.8182013847630987,-0.848971851747507,1.500552976554833,-1.5140945632491478,-2.4535723582491973,0.0,-0.1758081018924713,1.0999594926834106,0.15045803785324097,0.8232920169830322,0.2516516149044037,0.4363112151622772,0.26171374320983887
48.0,1.805510036627708,-0.8690376282198999,1.51717405465803,-1.5844460939635567,-2.428566511592514,0.0,-0.16922108829021454,1.1060744524002075,0.15565983951091766,0.8429157733917236,0.23000311851501465,0.4256048798561096,0.23548205196857452
49.0,1.7928186884923174,-0.8891034046922928,1.5337951327612267,-1.6547976246779659,-2.4035606649358314,0.0,-0.16287368535995483,1.112993597984314,0.16171535849571228,0.861046552658081,0.208580881357193,0.4143054187297821,0.20843152701854706
50.0,1.7801273403569267,-0.9091691811646856,1.5504162108644235,-1.7251491553923746,-2.3785548182791483,0.0,-0.15671440958976746,1.1206544637680054,0.16874724626541138,0.8776479959487915,0.18744726479053497,0.4024704694747925,0.18059585988521576
51.0,1.7674359922215361,-0.9292349576370783,1.56703728896762,-1.7955006861067833,-2.3535489716224656,0.0,-0.15069256722927094,1.1289794445037842,0.1768713742494583,0.8926877975463867,0.16666387021541595,0.39015889167785645,0.15201164782047272
52.0,1.7533938177997943,-0.9495376699650121,1.5825086784211502,-1.856204994837884,-2.322030351900566,0.0,-0.14452627301216125,1.1349878311157227,0.1850462555885315,0.9066703915596008,0.1467045247554779,0.37448158860206604,0.1272406280040741
53.0,1.732316663486581,-0.9722738051546607,1.5938364049547602,-1.8774918574863684,-2.259026648172406,0.0,-0.13781312108039856,1.129188895225525,0.18958213925361633,0.9224348068237305,0.1277245730161667,0.3440123498439789,0.12023201584815979
54.0,1.7087376534203134,-0.9977087169334615,1.6065087313036959,-1.9013054682427888,-2.1885444121768596,0.0,-0.13195733726024628,1.1239123344421387,0.19568350911140442,0.9383199214935303,0.10708175599575043,0.30943846702575684,0.11107204109430313
55.0,1.6800554913894445,-1.0273047669730764,1.6255042391298198,-1.9340303136743853,-2.1014662145872713,0.0,-0.12717688083648682,1.1176691055297852,0.20090150833129883,0.9552447199821472,0.08301949501037598,0.26621249318122864,0.09872223436832428
56.0,1.6314880459517103,-1.0712570611587036,1.674090998272669,-2.0066756665010588,-1.9478635673528535,0.0,-0.12533880770206451,1.104686975479126,0.19730597734451294,0.977934718132019,0.045319635421037674,0.18916510045528412,0.07619842141866684
57.0,1.5829206005139766,-1.1152093553443305,1.7226777574155177,-2.0793210193277316,-1.794260920118437,0.0,-0.12833905220031738,1.0972436666488647,0.20189663767814636,0.992496907711029,0.01153066661208868,0.1116594448685646,0.04846734181046486
58.0,1.5343531550762426,-1.1591616495299577,1.771264516558367,-2.1519663721544053,-1.6406582728840189,0.0,-0.1341976821422577,1.0941510200500488,0.21549206972122192,0.9991143345832825,-0.01766725443303585,0.03463226184248924,0.016090087592601776
59.0,1.5131065283383907,-1.1737824728012392,1.7849674952230967,-2.181981392928144,-1.5707963705062866,0.0,-0.1379334181547165,1.099170207977295,0.22479748725891113,0.9995839595794678,-0.028840867802500725,2.0382749710279313e-08,2.4823663125062012e-08
60.0,1.5146567173041519,-1.1639073922103014,1.7695279906825963,-2.1764169689785815,-1.5707963705062866,0.0,-0.13906745612621307,1.1090904474258423,0.22479456663131714,0.9996060132980347,-0.02806614339351654,2.118346031920737e-08,3.322363895108538e-08
61.0,1.5161761332216,-1.1540310517761672,1.7539706141247464,-2.1707358851547163,-1.5707963705062866,0.0,-0.1401984542608261,1.1190112829208374,0.22479689121246338,0.9996270537376404,-0.02730671688914299,2.031807433411359e-08,6.109121386543848e-08
62.0,1.5176713936182642,-1.144143941210041,1.7382996742241883,-2.164951968312716,-1.5707963705062866,0.0,-0.14133277535438538,1.1289315223693848,0.2247939109802246,0.9996472597122192,-0.026559367775917053,2.085128869566688e-08,3.690468375339151e-08
63.0,1.5191372476898821,-1.1342503770930417,1.7225053178356338,-2.1590511516194986,-1.5707963552901065,0.0,-0.1424638032913208,1.1388523578643799,0.22479653358459473,0.9996664524078369,-0.02582666091620922,2.044744817908395e-08,4.0949107216192715e-08
64.0,1.5205803111144067,-1.1243407645460877,1.7065915776903118,-2.153047051866931,-1.570796327444306,0.0,-0.1435980647802353,1.1487725973129272,0.22479355335235596,0.999684751033783,-0.02510537952184677,2.0718116999773883e-08,3.6593412744423404e-08
65.0,1.5209541108633413,-1.110044947055572,1.6810352906144341,-2.1272988710412717,-1.571559370868196,0.0,-0.14323796331882477,1.1586002111434937,0.22400519251823425,0.9996631741523743,-0.024915097281336784,0.00020091656188014895,0.0072511122561991215
66.0,1.5204328920846926,-1.0916213317140628,1.6465738069130293,-2.0840827434349114,-1.5729908264925248,0.0,-0.14158937335014343,1.1683604717254639,0.22266578674316406,0.9994659423828125,-0.02515069767832756,0.0005721223424188793,0.020852485671639442
67.0,1.5198890330528279,-1.0723974472081013,1.6106154149090846,-2.0389894308304206,-1.574484460455643,0.0,-0.13987985253334045,1.1781173944473267,0.22140853106975555,0.9990633130073547,-0.02537074126303196,0.0009514291305094957,0.035040706396102905
68.0,1.5193198323079227,-1.0522778045439876,1.572981501863511,-1.991794945456656,-1.5760476919450748,0.0,-0.13810332119464874,1.1878641843795776,0.22024907171726227,0.9984267354011536,-0.025572573766112328,0.0013390911044552922,0.04988270252943039
69.0,1.5187196597882184,-1.031063396900726,1.5332998243164297,-1.9420324786003844,-1.5776959831504023,0.0,-0.13624490797519684,1.1976288557052612,0.2192036360502243,0.9975172281265259,-0.025753669440746307,0.0017371565336361527,0.06552031636238098
70.0,1.518085689974234,-1.0086543501252907,1.4913835670617654,-1.8894677562571975,-1.5794370939719178,0.0,-0.1342989206314087,1.2073756456375122,0.21830037236213684,0.9962913990020752,-0.02590952254831791,0.002145165577530861,0.08202118426561356
71.0,1.516924977933741,-1.0095913536900798,1.489977297640962,-1.8768942368553738,-1.5801435432271007,0.0,-0.13284330070018768,1.2034398317337036,0.21930867433547974,0.9958440661430359,-0.026423312723636627,0.0023101787082850933,0.08712660521268845
72.0,1.5155563962766956,-1.0207715936673964,1.5064068996948163,-1.8821563050906671,-1.5803807724595467,0.0,-0.13165409862995148,1.193671464920044,0.2210063934326172,0.9958259463310242,-0.027094431221485138,0.002368854358792305,0.08712509274482727
73.0,1.5153797302144372,-1.0468339441092813,1.5565095725915636,-1.9497590039442518,-1.5780181351385918,0.0,-0.13290730118751526,1.1838654279708862,0.2213873565196991,0.9974819421768188,-0.02740965224802494,0.0017924477579072118,0.06538427621126175
74.0,1.5154656939709796,-1.0735289098053116,1.608873827971573,-2.023903754049451,-1.575339911104668,0.0,-0.13459356129169464,1.1740506887435913,0.22209548950195312,0.998772382736206,-0.027544962242245674,0.001131908968091011,0.041154105216264725
75.0,1.5155438372653238,-1.0977953291172442,1.6564743003781515,-2.0913032636168594,-1.5729053356810272,0.0,-0.13617293536663055,1.1642602682113647,0.22330167889595032,0.9994363784790039,-0.02759757824242115,0.0005267180385999382,0.019106650725007057
76.0,1.5154181038467547,-1.1179431813247924,1.6958298245118173,-2.144809108618164,-1.5710428417015885,0.0,-0.13728231191635132,1.1546894311904907,0.2244422435760498,0.9996147155761719,-0.02768530696630478,6.960981409065425e-05,0.0019396852003410459
77.0,1.5121675470977498,-1.1032709668204053,1.6642584930237667,-2.0628101957910316,-1.5751848425893658,0.0,-0.13237181305885315,1.1473850011825562,0.21975865960121155,0.9989757537841797,-0.029217051342129707,0.0011813878081738949,0.03452935069799423
78.0,1.5089054042944114,-1.0885464557134468,1.6325746309170432,-1.9805190118446265,-1.5793416069318493,0.0,-0.12754376232624054,1.1392139196395874,0.21670615673065186,0.9972681999206543,-0.030583936721086502,0.002184817800298333,0.06720142066478729
79.0,1.5063211458725387,-1.0837524137341914,1.619051127597395,-1.9319165624668635,-1.5819816485290594,0.0,-0.12417855113744736,1.1301469802856445,0.21635019779205322,0.9956926107406616,-0.03162313625216484,0.002765079727396369,0.08711220324039459
80.0,1.5047685346059894,-1.0947335156011788,1.634281158848359,-1.9361828638135021,-1.5822505033402903,0.0,-0.1229771077632904,1.1203862428665161,0.218077152967453,0.9956680536270142,-0.032384492456912994,0.002831563353538513,0.08711007982492447
81.0,1.5031917555350343,-1.1057075748086842,1.6493719707626682,-1.9403176384133847,-1.5825236377094718,0.0,-0.12177808582782745,1.1106241941452026,0.21979844570159912,0.9956426620483398,-0.03315764293074608,0.002899151761084795,0.08710785955190659
82.0,1.501589835358896,-1.1166776560212,1.6643250358906032,-1.9443193131866279,-1.582801222206074,0.0,-0.12058104574680328,1.1008609533309937,0.22151526808738708,0.9956161975860596,-0.03394303843379021,0.0029679257422685623,0.08710548281669617
83.0,1.4958234938220256,-1.1207049980824062,1.6699832236454464,-1.9460243448838723,-1.5837998148174406,0.0,-0.11412239819765091,1.0978080034255981,0.22202904522418976,0.9955160021781921,-0.03677031770348549,0.003215242177248001,0.08709519356489182
84.0,1.4884126758175136,-1.1191398211947041,1.6680978329598224,-1.9458004208617754,-1.5850831092352227,0.0,-0.10537376254796982,1.0999548435211182,0.22165529429912567,0.9953749179840088,-0.040403496474027634,0.0035331749822944403,0.08708451688289642
85.0,1.4901169186286376,-1.10818550656072,1.6531563118141446,-1.9417896844948646,-1.584788134428263,0.0,-0.10655864328145981,1.109724760055542,0.21996565163135529,0.9954084753990173,-0.0395679734647274,0.0034600612707436085,0.08708734810352325
86.0,1.4918132928435166,-1.0972065004840523,1.6381245034532737,-1.9377136243522466,-1.584494504910683,0.0,-0.10776860266923904,1.1194820404052734,0.21822050213813782,0.995441198348999,-0.038736339658498764,0.0033873235806822777,0.08709026873111725
87.0,1.4934650699423653,-1.0862419994324715,1.6229077979803606,-1.9334393684693332,-1.5842085342565981,0.0,-0.10895819962024689,1.1292493343353271,0.21651987731456757,0.9954723715782166,-0.037926558405160904,0.0033164743799716234,0.08709298074245453
88.0,1.4951025896884969,-1.0752560630913355,1.607576442330805,-1.9290723943520547,-1.5839249631424297,0.0,-0.11016392707824707,1.1390082836151123,0.21478435397148132,0.9955026507377625,-0.037123702466487885,0.0032462691888213158,0.08709569275379181
89.0,1.496704395446695,-1.0642702027054887,1.5920718463463495,-1.924533206140021,-1.5836474346422056,0.0,-0.111358143389225,1.1487730741500854,0.2130734920501709,0.9955316185951233,-0.036338429898023605,0.0031774973031133413,0.08709817379713058
90.0,1.4980522954024231,-1.0543706703684306,1.5754344292301015,-1.917778154195936,-1.583413955042993,0.0,-0.11227792501449585,1.1584951877593994,0.21314401924610138,0.9955555200576782,-0.03567756712436676,0.003119631903246045,0.08710043132305145
91.0,1.4990783355740571,-1.0458446206168468,1.5573413620315424,-1.90819813457015,-1.583236313668654,0.0,-0.11283240467309952,1.16817045211792,0.21554875373840332,0.9955734014511108,-0.03517444059252739,0.003075668355450034,0.08710211515426636
92.0,1.5001137655889185,-1.037240544416857,1.539082715483178,-1.898530443053062,-1.5830570466029417,0.0,-0.11341836303472519,1.1778438091278076,0.2179534137248993,0.9955911636352539,-0.03466681391000748,0.0030312719754874706,0.0871039628982544
93.0,1.5011589236285214,-1.028555631593482,1.5206525261334427,-1.8887719220825836,-1.5828760952954886,0.0,-0.11403696238994598,1.1875149011611938,0.22035834193229675,0.9956088662147522,-0.03415432199835777,0.002986477455124259,0.0871058776974678
94.0,1.50392103532838,-1.0192630695528446,1.504593270350842,-1.8819726248428073,-1.5823976071513786,0.0,-0.11689091473817825,1.1963306665420532,0.22054129838943481,0.9956544637680054,-0.032800011336803436,0.002868008567020297,0.08711005002260208
95.0,1.5054308896275927,-1.0080824355810867,1.4881589949621707,-1.876701963491918,-1.5821359256664953,0.0,-0.118148572742939,1.2060881853103638,0.21883375942707062,0.9956784844398499,-0.03205965459346771,0.0028032229747623205,0.08711213618516922
96.0,1.5025491448854327,-1.0025509625045468,1.4801434449231978,-1.8742531984802915,-1.5826350887028688,0.0,-0.1141466572880745,1.2112739086151123,0.2178906798362732,0.9956320524215698,-0.033472687005996704,0.002926783636212349,0.08710689842700958
97.0,1.4946922791762551,-1.0034528030471483,1.4817143857400712,-1.8750168925202544,-1.5839961917926488,0.0,-0.10416331887245178,1.211255669593811,0.21789079904556274,0.995495080947876,-0.03732485696673393,0.0032638879492878914,0.08709603548049927
98.0,1.4928468770298693,-1.0144340442973663,1.4978615349017055,-1.8802069743908796,-1.5843156950465593,0.0,-0.10256272554397583,1.2017244100570679,0.2196001261472702,0.9954606890678406,-0.038229625672101974,0.0033430124167352915,0.0870930477976799
99.0,1.4901304854691826,-1.0252165977851961,1.5136932423288074,-1.8852928505242101,-1.584786125009849,0.0,-0.09989133477210999,1.1923930644989014,0.22121815383434296,0.9954086542129517,-0.039561282843351364,0.0034596514888107777,0.08708855509757996
100.0,1.4886625081075449,-1.0339158170339455,1.5318800588797892,-1.8948016728147326,-1.5850401618490966,0.0,-0.09883750230073929,1.1828714609146118,0.2189950793981552,0.9953798651695251,-0.040280986577272415,0.003522593295201659,0.08708568662405014
101.0,1.4875096946913429,-1.0423774846174134,1.5502422123340767,-1.904719161853883,-1.5852395830993464,0.0,-0.09820817410945892,1.1732584238052368,0.21638058125972748,0.9953567981719971,-0.04084610193967819,0.003571953158825636,0.08708328008651733
102.0,1.486367378858978,-1.0507620997797245,1.5684371589857635,-1.9145463416797817,-1.5854371884084697,0.0,-0.09761412441730499,1.1636412143707275,0.21377143263816833,0.9953337907791138,-0.04140612855553627,0.0036209356039762497,0.08708100020885468
103.0,1.485107661863468,-1.0596792240889443,1.5859481293943813,-1.9231587900396763,-1.585655118154144,0.0,-0.09690279513597488,1.1539901494979858,0.21213573217391968,0.9953078031539917,-0.04202362895011902,0.0036749355494976044,0.08707857877016068
104.0,1.4834064851492108,-1.0706748949099139,1.601478067444517,-1.9277182495827294,-1.5859494695959038,0.0,-0.09569399058818817,1.1442334651947021,0.21387702226638794,0.9952722787857056,-0.04285751283168793,0.0037478930316865444,0.08707547932863235
105.0,1.4816902476707126,-1.0816467421271523,1.616888407689265,-1.9321825147099227,-1.5862463638500781,0.0,-0.09450122714042664,1.1344685554504395,0.2155851274728775,0.9952357411384583,-0.043698787689208984,0.0038215192034840584,0.08707228302955627
106.0,1.4799364073482604,-1.092619464226402,1.632128201210394,-1.9364766281030257,-1.5865496382937085,0.0,-0.09329721331596375,1.124709129333496,0.21731653809547424,0.9951976537704468,-0.044558510184288025,0.0038966811262071133,0.08706903457641602
107.0,1.4781587059719905,-1.1035813117150512,1.6472364477842611,-1.9406509370893226,-1.5868570544705731,0.0,-0.0921001061797142,1.1149463653564453,0.219033882021904,0.9951582551002502,-0.04542982950806618,0.003972921520471573,0.08706549555063248
108.0,1.4763494005188156,-1.1145421253304724,1.6621987489429948,-1.9446814423703718,-1.587169955083916,0.0,-0.0909009575843811,1.1051843166351318,0.22075507044792175,0.9951173663139343,-0.046316660940647125,0.004050543066114187,0.08706188201904297
109.0,1.4708556328872835,-1.1189715606698336,1.6683705781257807,-1.946517995575329,-1.5881192744120212,0.0,-0.0848657637834549,1.1015965938568115,0.22136086225509644,0.9949884414672852,-0.04900922253727913,0.004286009352654219,0.08704911917448044
110.0,1.4630191109738788,-1.117667997699871,1.666802361053129,-1.9463890415436618,-1.5894732420552278,0.0,-0.07558229565620422,1.1033331155776978,0.2210555076599121,0.9947918057441711,-0.05284943804144859,0.004622057545930147,0.08703350275754929
111.0,1.464927882780613,-1.1067290486251795,1.6518556976228733,-1.9423468252325662,-1.5891436127689285,0.0,-0.07676295936107635,1.1131043434143066,0.21936991810798645,0.9948410391807556,-0.051914092153310776,0.004540237132459879,0.08703768253326416
112.0,1.466831194420653,-1.0957629724582483,1.636828136174292,-1.938251107374952,-1.5888149071523652,0.0,-0.077976293861866,1.122860312461853,0.2176211178302765,0.9948891997337341,-0.05098140612244606,0.004458616487681866,0.0870419591665268
113.0,1.468681324488104,-1.0848132308048275,1.6216064710086058,-1.9339467553254428,-1.5884952904798433,0.0,-0.07916238903999329,1.1326289176940918,0.21592488884925842,0.9949352741241455,-0.0500747412443161,0.004379305522888899,0.08704593777656555
114.0,1.4705189935678316,-1.0738386095238739,1.6062779998584547,-1.9295610300509076,-1.5881777893609919,0.0,-0.08037077635526657,1.1423873901367188,0.2141854465007782,0.9949802756309509,-0.04917418211698532,0.004300545435398817,0.08704990893602371
115.0,1.472313515805283,-1.0628665152709709,1.5907679074908883,-1.9249927708426293,-1.5878676468408626,0.0,-0.08156242966651917,1.1521533727645874,0.2124791294336319,0.9950233697891235,-0.048294685781002045,0.004223582800477743,0.08705352991819382
116.0,1.4738953257808782,-1.0529921935820494,1.574210638363572,-1.918283187452524,-1.5875942623225132,0.0,-0.08253797888755798,1.161831259727478,0.21251359581947327,0.9950606822967529,-0.04751944541931152,0.0041557797230780125,0.08705692738294601
117.0,1.4751467917669843,-1.044822984900107,1.5560308324580123,-1.9082515841046117,-1.587377963305893,0.0,-0.0831495001912117,1.17138671875,0.21534383296966553,0.9950897097587585,-0.04690607264637947,0.004102091304957867,0.08705974370241165
118.0,1.4764094963741492,-1.0365804137442778,1.537687765263883,-1.8981298932993573,-1.5871597218452034,0.0,-0.08379975706338882,1.180935263633728,0.2181856632232666,0.9951186180114746,-0.046287138015031815,0.004048013594001532,0.08706255257129669
119.0,1.4776838264759766,-1.0282619547153584,1.5191758167426777,-1.8879150139037026,-1.5869394710745592,0.0,-0.08448939025402069,1.1904757022857666,0.22103846073150635,0.9951474070549011,-0.04566258564591408,0.003993360325694084,0.08706562966108322
120.0,1.4805277904896135,-1.0177355808959119,1.5030429324564756,-1.8822638645253482,-1.5864476217080612,0.0,-0.08719563484191895,1.199851632118225,0.2199142426252365,0.9952105283737183,-0.04426860809326172,0.003871393855661154,0.08707118034362793
121.0,1.482490911732635,-1.0065936417539136,1.4866617414034224,-1.87699460361854,-1.5861080254198594,0.0,-0.08880887925624847,1.20955491065979,0.21820053458213806,0.995252788066864,-0.04330632835626602,0.003787178546190262,0.08707498013973236
122.0,1.4763604059892979,-1.0051834567942264,1.484750103728513,-1.8766084034996169,-1.5871662378366056,0.0,-0.08086581528186798,1.2112761735916138,0.2178906798362732,0.9951183795928955,-0.04631141945719719,0.0040495325811207294,0.0870533436536789
123.0,1.4703834059382621,-1.0093465885444048,1.4910029677272723,-1.878808353860961,-1.5881982262118852,0.0,-0.07359597831964493,1.2080250978469849,0.21847395598888397,0.994978129863739,-0.049240920692682266,0.004305560607463121,0.08703554421663284
124.0,1.4677887406025025,-1.022473792801113,1.5117400386518918,-1.8920970080814041,-1.5879810062301005,0.0,-0.07156097143888474,1.19839346408844,0.22004613280296326,0.9951544404029846,-0.05057791247963905,0.00423230417072773,0.08421055227518082
125.0,1.4629485041837829,-1.04895562914924,1.5618038941848045,-1.9595341602884768,-1.5836458339521828,0.0,-0.06851308047771454,1.1889324188232422,0.22102323174476624,0.9966253042221069,-0.053395044058561325,0.0030605951324105263,0.06226956844329834
126.0,1.458465371100581,-1.0734836865344277,1.608174134725993,-2.02199592908291,-1.5796305023486792,0.0,-0.0658593475818634,1.179403305053711,0.22233937680721283,0.9975539445877075,-0.05590246990323067,0.0020635491237044334,0.04191475361585617
127.0,1.4542756522519507,-1.0964064199085637,1.6515095136240425,-2.0803696702099335,-1.575877968085145,0.0,-0.06353698670864105,1.169822096824646,0.2239200621843338,0.9980447292327881,-0.0581543855369091,0.0012104592751711607,0.0228720735758543
128.0,1.4516345828921975,-1.1124874081146283,1.680510706076746,-2.1117504712724315,-1.5740135416231225,0.0,-0.0623696967959404,1.1600184440612793,0.224859356880188,0.9981340765953064,-0.05951838195323944,0.0007997246575541794,0.013605981133878231
129.0,1.4501361145981915,-1.1236598125699107,1.699079855764634,-2.1227532605569728,-1.5735849553906711,0.0,-0.06201983988285065,1.1500420570373535,0.2250775396823883,0.9981119632720947,-0.06027299910783768,0.0006843377486802638,0.011794047430157661
130.0,1.448649069587025,-1.1347470463635254,1.7175074471360603,-2.133672172208253,-1.5731596364023608,0.0,-0.06171217933297157,1.1400628089904785,0.22522461414337158,0.9980862736701965,-0.06102089211344719,0.0005726004601456225,0.009995684958994389
131.0,1.447173115512465,-1.1457515874301394,1.7357975986545056,-2.1445096465418807,-1.5727374896017794,0.0,-0.06144610047340393,1.1300816535949707,0.22530212998390198,0.998056948184967,-0.0617622435092926,0.00046422818559221923,0.008210641331970692
132.0,1.4457079204018075,-1.1566759109194322,1.7539544241546494,-2.155268121130762,-1.5723184200393503,0.0,-0.06122060865163803,1.120099425315857,0.22531118988990784,0.9980242848396301,-0.062497273087501526,0.0003593238943722099,0.006438313517719507
133.0,1.4442531274996364,-1.1675226767580864,1.7719823445806961,-2.1659502155195884,-1.5719023256772389,0.0,-0.06103513017296791,1.1101163625717163,0.22525301575660706,0.9979881644248962,-0.0632261410355568,0.0002576675033196807,0.0046784598380327225
134.0,1.4428084260083167,-1.178294202216943,1.7898852113640265,-2.1765582117992825,-1.5714891176222812,0.0,-0.06088901311159134,1.100132942199707,0.22512897849082947,0.9979487657546997,-0.06394901126623154,0.00015929050277918577,0.002930708695203066
135.0,1.4413735082553998,-1.1889927812658168,1.8076668372084357,-2.1870943691134865,-1.5710787078751678,0.0,-0.06078159809112549,1.0901497602462769,0.22493994235992432,0.9979062080383301,-0.06466606259346008,6.404879968613386e-05,0.0011946182930842042
136.0,1.4375939110412452,-1.1961241548521018,1.8195491088817595,-2.1942212803495145,-1.570796326319857,0.0,-0.05767323821783066,1.0836423635482788,0.22477203607559204,-0.9977828860282898,0.06655195355415344,-2.435788815091655e-08,2.97305060570352e-08
137.0,1.428552499961158,-1.1953792175347304,1.8184066241613002,-2.1938237700212446,-1.5707963633946749,0.0,-0.04776464402675629,1.0848784446716309,0.22477208077907562,-0.9974719285964966,0.07106196880340576,-2.7100767852061836e-08,6.56185292768896e-08
138.0,1.4287057956588483,-1.1872942961075341,1.8059136047955016,-2.1894155605249894,-1.5707963223979873,0.0,-0.04674964398145676,1.0931288003921509,0.2248031497001648,0.9974773526191711,-0.07098551094532013,1.538324845284933e-08,1.2102570678962365e-07
139.0,1.4310491235460705,-1.1774348017729075,1.7906764212776127,-2.184037724021827,-1.5707962626747736,0.0,-0.04790010675787926,1.103047251701355,0.2247830033302307,0.9975597858428955,-0.06981676071882248,-5.0103508897336724e-08,1.6685902437529876e-07
140.0,1.4333186639172553,-1.1675984735812994,1.7752999449742666,-2.1784976217274465,-1.570796299482979,0.0,-0.049015145748853683,1.1129697561264038,0.22480261325836182,0.9976384043693542,-0.06868472695350647,-4.156621713491404e-08,6.700415156046802e-08
141.0,1.4355785930140696,-1.1577337501718352,1.7598376337374002,-2.1729001254852096,-1.5707963592141563,0.0,-0.050165411084890366,1.1228880882263184,0.2247828245162964,-0.997715413570404,0.06755737215280533,-2.151477573875127e-08,1.688172446279168e-08
142.0,1.437767838213093,-1.1478860782845033,1.7442316819688883,-2.167141885443893,-1.5707963705062866,0.0,-0.05128071457147598,1.1328107118606567,0.22480201721191406,0.997788667678833,-0.06646519154310226,1.8751228125779562e-08,4.03114164271301e-08
143.0,1.439948657932405,-1.138005900245679,1.7285342841618314,-2.161324693555581,-1.5707963705062866,0.0,-0.052430711686611176,1.1427291631698608,0.22478239238262177,0.9978605508804321,-0.06537716090679169,2.1907432312673336e-08,2.93944566465143e-08
144.0,1.4427378687291676,-1.1181808960397046,1.690271052375267,-2.1109447204035288,-1.5745478499783288,0.0,-0.052852775901556015,1.1526451110839844,0.22380384802818298,0.9978236556053162,-0.06394733488559723,0.0008498392999172211,0.016057433560490608
145.0,1.4458706086605237,-1.094526228489766,1.6437837363098422,-2.0460690091366898,-1.5794857035052354,0.0,-0.05326254665851593,1.1625760793685913,0.22294926643371582,0.9973676204681396,-0.062218572944402695,0.002024606801569462,0.037182584404945374
146.0,1.4492859026501625,-1.0687380540225502,1.5931035475193263,-1.9753419039130824,-1.5848689213406415,0.0,-0.05388735234737396,1.1725389957427979,0.22256982326507568,0.9963650703430176,-0.06018691882491112,0.003375313011929393,0.06018858775496483
147.0,1.4530414970853196,-1.0403803416804378,1.5373735765207022,-1.8975675384855824,-1.59078852387185,0.0,-0.05477575585246086,1.1824769973754883,0.2228267937898636,0.9946539402008057,-0.057779181748628616,0.004940547980368137,0.08544278889894485
148.0,1.455019796576594,-1.028207347482789,1.518809682501865,-1.888073940494251,-1.5908465617191219,0.0,-0.05594256520271301,1.1922520399093628,0.22128331661224365,0.9945785999298096,-0.05676965415477753,0.004963180050253868,0.08698242157697678
149.0,1.456927938237945,-1.0170572045595376,1.5025950308797371,-1.8829358927128415,-1.5905216035332328,0.0,-0.05721749737858772,1.2019963264465332,0.2195253074169159,0.994629979133606,-0.05583435669541359,0.004882433917373419,0.08700519055128098
150.0,1.4591771469078079,-1.006440535604902,1.4869792513689943,-1.8778934052118197,-1.5901336350973287,0.0,-0.059019964188337326,1.2112547159194946,0.21789084374904633,0.9946911931037903,-0.0547323003411293,0.004786133766174316,0.08701054006814957
151.0,1.4513309089852187,-1.006854690227547,1.4877268593075716,-1.8783839752221443,-1.5914867003231483,0.0,-0.04903435707092285,1.211272954940796,0.21789059042930603,0.9944722652435303,-0.05857648700475693,0.005122258327901363,0.08699015527963638
152.0,1.4460839992310006,-1.0129639946963778,1.4967834410807055,-1.881438165936694,-1.592391277978487,0.0,-0.04300291836261749,1.2061011791229248,0.21880611777305603,0.9943174719810486,-0.061146724969148636,0.005347101017832756,0.08697788417339325
153.0,1.4438132534194272,-1.0240760035407475,1.513030799478615,-1.88677011460625,-1.592785693479041,0.0,-0.04135598987340927,1.1964328289031982,0.22054411470890045,0.9942547678947449,-0.06226010248064995,0.0054507507011294365,0.08689838647842407
154.0,1.4418717591473675,-1.035247941235662,1.5293226273138139,-1.8921380790657554,-1.593124617474098,0.0,-0.0401771143078804,1.1866633892059326,0.22224053740501404,0.9942035675048828,-0.0632125586271286,0.005542943254113197,0.08679106831550598
155.0,1.438135744971977,-1.0609003247472046,1.5785982007264627,-1.957678761839328,-1.5877557038336785,0.0,-0.03918672725558281,1.1767604351043701,0.2223219871520996,0.9956682920455933,-0.06558452546596527,0.0041107540018856525,0.0657757893204689
156.0,1.434358967093327,-1.087256023568252,1.6302384530228033,-2.0295619613829583,-1.5817145079200956,0.0,-0.03849570453166962,1.1668041944503784,0.22266104817390442,0.9967904090881348,-0.06787507236003876,0.0025720822159200907,0.04236913472414017
157.0,1.4308982876283711,-1.1114058752738982,1.6775566608785883,-2.09542887771453,-1.576178931480693,0.0,-0.03804512321949005,1.1568681001663208,0.22349265217781067,0.9973399043083191,-0.06982094049453735,0.001233343151398003,0.02089482545852661
158.0,1.427692594616643,-1.1337763408518327,1.7213884140897224,-2.1564426513177697,-1.571051222056178,0.0,-0.037792809307575226,1.146957278251648,0.22470106184482574,0.9974406957626343,-0.07149063050746918,5.68615723750554e-05,0.0009894993854686618
159.0,1.4253582929031956,-1.1442633259913122,1.7384744788410944,-2.165007553610414,-1.5707963440290331,0.0,-0.036680661141872406,1.1370378732681274,0.22480309009552002,-0.9973570704460144,0.07265494018793106,-2.3497133128103087e-08,3.1335094519135964e-08
160.0,1.423076430160982,-1.1540992110790682,1.7541146843870923,-2.170811905809816,-1.5707963162505854,0.0,-0.03557458519935608,1.1271147727966309,0.22477522492408752,-0.9972735643386841,0.07379283010959625,-2.742525317955824e-08,8.714805943554893e-08
161.0,1.423916192171675,-1.1380200745313027,1.7235912960722657,-2.1323793696038993,-1.574181552740028,0.0,-0.03388182073831558,1.1359429359436035,0.22408582270145416,0.9972327351570129,-0.07334841787815094,0.000807891774456948,0.012085714377462864
162.0,1.4249559068973068,-1.1199477642822078,1.6894485631901661,-2.0901425750246116,-1.5778741630904691,0.0,-0.03216656669974327,1.1457593441009521,0.22345447540283203,0.9970290660858154,-0.07274370640516281,0.0017015867633745074,0.02526562660932541
163.0,1.4260383991811827,-1.1011318949729028,1.6539010769575047,-2.0461680086358105,-1.5817187005517248,0.0,-0.03046000748872757,1.15558922290802,0.22292931377887726,0.9966354966163635,-0.07204984128475189,0.0026449882425367832,0.03898182883858681
164.0,1.427167861203916,-1.0814995981647593,1.6168111722057805,-2.0002853696164475,-1.585730053909291,0.0,-0.028764333575963974,1.165422797203064,0.22252744436264038,0.9960271716117859,-0.07125621289014816,0.003642497817054391,0.05328382924199104
165.0,1.4283496675262954,-1.0609574532995902,1.5780023561059149,-1.952276324788792,-1.589927311244068,0.0,-0.027080653235316277,1.1752516031265259,0.22226949036121368,0.9951746463775635,-0.07035025954246521,0.004699486307799816,0.0682348683476448
166.0,1.429595363164149,-1.0393047850356625,1.5370955069798038,-1.9016718758305975,-1.5943514753849002,0.0,-0.025404464453458786,1.1851038932800293,0.2221798598766327,0.9940372109413147,-0.06931213289499283,0.005827085115015507,0.08397525548934937
167.0,1.4314883881291844,-1.026185049404857,1.5162268864862887,-1.8879811940279234,-1.5948991950162374,0.0,-0.02605494111776352,1.1948834657669067,0.22081822156906128,0.9938517212867737,-0.06829508394002914,0.0059697371907532215,0.08694097399711609
168.0,1.4335279579856077,-1.0150641487666316,1.5000346861179257,-1.8828616245229037,-1.5945484009117539,0.0,-0.02727453224360943,1.2046359777450562,0.21906355023384094,0.993919849395752,-0.06729637086391449,0.005882370285689831,0.08694703876972198
169.0,1.4271170385587437,-1.0056222415294889,1.4927911113570298,-1.871466475461155,-1.5599314647222138,0.0,-0.03277455270290375,1.2072558403015137,0.21205100417137146,0.9930363297462463,-0.07196951657533646,-0.012078271247446537,0.09248444437980652
170.0,1.3956120556477805,-0.9991085056420546,1.5065416786231796,-1.844194890136448,-1.4399494254277778,0.0,-0.0441533699631691,1.1949328184127808,0.1957133710384369,0.9865694642066956,-0.09429959952831268,-0.07487230002880096,0.11037401854991913
171.0,1.3641070727368172,-0.9925947697546202,1.5202922458893293,-1.8169233048117412,-1.3199673861333419,0.0,-0.055287860333919525,1.1857715845108032,0.18566471338272095,0.9752779006958008,-0.11879634857177734,-0.1375495046377182,0.1256994754076004
172.0,1.3326020898258535,-0.9860810338671857,1.5340428131554793,-1.7896517194870338,-1.1999853468389032,0.0,-0.06513572484254837,1.1802860498428345,0.18153643608093262,0.9591284990310669,-0.14518585801124573,-0.19969649612903595,0.13825637102127075
173.0,1.3010971069148902,-0.9795672979797514,1.547793380421629,-1.762380134162327,-1.0800033075444673,0.0,-0.07262859493494034,1.1788058280944824,0.18282464146614075,0.9381253123283386,-0.1731759011745453,-0.26089397072792053,0.14786885678768158
174.0,1.2695921240039263,-0.9730535620923169,1.561543947687779,-1.7351085488376197,-0.9600212682500286,0.0,-0.07670547068119049,1.1814595460891724,0.18890243768692017,0.9123114347457886,-0.2024591714143753,-0.32072004675865173,0.15439163148403168
175.0,1.2518740120017304,-0.9658397683239597,1.5638998841455551,-1.716652846805274,-0.8854282966077298,0.0,-0.0780240073800087,1.1888295412063599,0.1950695514678955,0.8942773938179016,-0.22011981904506683,-0.35683631896972656,0.15646995604038239
176.0,1.256243608328195,-0.9574923566856205,1.5479824032115528,-1.7123103209238755,-0.8835281823810137,0.0,-0.08057697862386703,1.1984388828277588,0.1959848552942276,0.8948354125022888,-0.21784454584121704,-0.3572315573692322,0.15556015074253082
177.0,1.2609148712652354,-0.9544877247108777,1.5380098561778113,-1.708802080422341,-0.8815047252243478,0.0,-0.08482568711042404,1.2042510509490967,0.19921693205833435,0.8954249620437622,-0.21540467441082,-0.35765594244003296,0.15458711981773376
178.0,1.2634440720137057,-0.9611734827547254,1.5424988635529078,-1.7084862296221142,-0.8804158963325894,0.0,-0.08911377191543579,1.201195478439331,0.20414051413536072,0.8957421779632568,-0.21407964825630188,-0.35788494348526,0.15405884385108948
179.0,1.259100959737272,-0.9696007023317187,1.558461847568331,-1.712794820028227,-0.8822893009567733,0.0,-0.08652031421661377,1.191596269607544,0.2032313197851181,0.8951965570449829,-0.21635332703590393,-0.35749101638793945,0.15496577322483063
180.0,1.2537220243405813,-0.9819869302144301,1.5836472239288042,-1.7343730433239768,-0.879938929326079,0.0,-0.08416081964969635,1.1819567680358887,0.2021562159061432,0.8953141570091248,-0.2176520973443985,-0.35864347219467163,0.14971600472927094
181.0,1.2457900333169094,-1.0044156877812265,1.6323540740243199,-1.8008876915838654,-0.8664961774851797,0.0,-0.08251316845417023,1.172171711921692,0.2011333405971527,0.8969733715057373,-0.2161281555891037,-0.3636701703071594,0.12834025919437408
182.0,1.2383725240022108,-1.0253896800200408,1.6779017194004857,-1.8630880926634001,-0.8539253441726504,0.0,-0.08135056495666504,1.1622637510299683,0.2007431536912918,0.8982047438621521,-0.21440397202968597,-0.3681327998638153,0.10833952575922012
183.0,1.2314217258640454,-1.0450439844527357,1.720583497777371,-1.9213748320086415,-0.8421454702180923,0.0,-0.08061166852712631,1.1523082256317139,0.20086637139320374,0.8990809321403503,-0.2125244289636612,-0.3721010088920593,0.08959748595952988
184.0,1.2269180764181782,-1.0536452068751911,1.7382608091723868,-1.9302622050238467,-0.8423546004102639,0.0,-0.07896047830581665,1.1425970792770386,0.19935515522956848,0.8986192941665649,-0.2145693451166153,-0.3722173571586609,0.08886841684579849
185.0,1.2226523802575728,-1.0611772258131096,1.7535201944598762,-1.9343850110824987,-0.8437189481652814,0.0,-0.07730310410261154,1.1328990459442139,0.19765350222587585,0.8980339169502258,-0.21700064837932587,-0.37197837233543396,0.08987698704004288
186.0,1.218254432645335,-1.0686457212400984,1.7686081421533197,-1.9383150242013478,-0.8451525570304538,0.0,-0.07556028664112091,1.1232157945632935,0.19595478475093842,0.8974283933639526,-0.21949699521064758,-0.37172389030456543,0.09090936183929443
187.0,1.2138468379559175,-1.076085330823364,1.7836309613264385,-1.9422047973834287,-0.8465934194314985,0.0,-0.07389834523200989,1.113518476486206,0.19425316154956818,0.8968130350112915,-0.2219931036233902,-0.37147223949432373,0.09194468706846237
188.0,1.209963704359878,-1.0844220347253357,1.7987492229426898,-1.9457526058563244,-0.8478829367202334,0.0,-0.07301174104213715,1.1036239862442017,0.1934068500995636,0.8962685465812683,-0.22418393194675446,-0.37124505639076233,0.0928514301776886
189.0,1.2062081895493617,-1.0929331546031966,1.8138443536171267,-1.9492142271774988,-0.8491351318199999,0.0,-0.07237184047698975,1.0936830043792725,0.1927265077829361,0.8957362174987793,-0.2262980043888092,-0.37102681398391724,0.09372812509536743
190.0,1.1959346968489113,-1.0762304236917737,1.8021197020064867,-1.8987402135213876,-0.8373183370094995,0.0,-0.06679161638021469,1.0893423557281494,0.1837061643600464,0.8858503699302673,-0.24014760553836823,-0.37972480058670044,0.115789994597435
191.0,1.1842623345634158,-1.0541196171785137,1.7846433731461353,-1.83669555919784,-0.8226979515409258,0.0,-0.06012364476919174,1.0862901210784912,0.1737699955701828,0.8728272914886475,-0.25653937458992004,-0.39011359214782715,0.1420259177684784
192.0,1.1725899722779205,-1.032008810665254,1.7671670442857843,-1.7746509048742938,-0.8080775660723526,0.0,-0.053405143320560455,1.083395004272461,0.1647493690252304,0.8585814833641052,-0.272923082113266,-0.40022924542427063,0.1678316444158554
193.0,1.1609176099924254,-1.0098980041519945,1.7496907154254333,-1.7126062505507476,-0.7934571806037793,0.0,-0.046599388122558594,1.0807206630706787,0.15659846365451813,0.8431339859962463,-0.2892620861530304,-0.4100397527217865,0.19318316876888275
194.0,1.1492452477069297,-0.9877871976387343,1.7322143865650819,-1.6505615962272,-0.7788367951352057,0.0,-0.039668917655944824,1.0783250331878662,0.14926646649837494,0.8265085816383362,-0.30551987886428833,-0.4195138216018677,0.21805784106254578
195.0,1.1375728854214346,-0.9656763911254748,1.7147380577047309,-1.5885169419036538,-0.7642164096666324,0.0,-0.032575689256191254,1.0762593746185303,0.14269736409187317,0.8087305426597595,-0.32165980339050293,-0.428620308637619,0.2424345463514328
196.0,1.1259005231359391,-0.9435655846122147,1.6972617288443796,-1.5264722875801062,-0.7495960241980588,0.0,-0.025281518697738647,1.0745683908462524,0.1368318349123001,0.7898271083831787,-0.337645560503006,-0.4373287856578827,0.2662930190563202
197.0,1.1142281608504438,-0.9214547780989552,1.6797853999840286,-1.4644276332565602,-0.7349756387294855,0.0,-0.017748631536960602,1.073290467262268,0.13160614669322968,0.7698281407356262,-0.35344064235687256,-0.4456091523170471,0.28961488604545593
198.0,1.1025557985649486,-0.8993439715856956,1.6623090711236777,-1.402382978933014,-0.7203552532609122,0.0,-0.009940072894096375,1.072455883026123,0.12695400416851044,0.7487647533416748,-0.36900922656059265,-0.45343217253685,0.31238245964050293
199.0,1.090883436279453,-0.8772331650724354,1.6448327422633262,-1.3403383246094664,-0.7057348677923385,0.0,-0.0018203258514404297,1.072089433670044,0.12280631065368652,0.7266702651977539,-0.3843153119087219,-0.46076932549476624,0.3345798850059509
200.0,1.0792110739939578,-0.8551223585591758,1.6273564134029752,-1.2782936702859202,-0.6911144823237653,0.0,0.006644979119300842,1.0722081661224365,0.11909209936857224,0.7035797834396362,-0.3993237316608429,-0.467592716217041,0.35619232058525085
201.0,1.0675387117084623,-0.8330115520459158,1.6098800845426238,-1.2162490159623727,-0.6764940968551917,0.0,0.01548747718334198,1.0728225708007812,0.11573870480060577,0.679530143737793,-0.4139997065067291,-0.47387564182281494,0.3772066831588745
202.0,1.055866349422967,-0.8109007455326562,1.5924037556822728,-1.1542043616388264,-0.6618737113866183,0.0,0.024736806750297546,1.0739359855651855,0.11267280578613281,0.6545599102973938,-0.4283088445663452,-0.4795919954776764,0.397610604763031
203.0,1.0441939871374717,-0.7887899390193966,1.5749274268219218,-1.0921597073152802,-0.6472533259180451,0.0,0.03441968560218811,1.0755459070205688,0.10982057452201843,0.6287094950675964,-0.4422174096107483,-0.48471686244010925,0.41739383339881897
204.0,1.0325216248519764,-0.7666791325061371,1.5574510979615708,-1.030115052991734,-0.6326329404494717,0.0,0.044559650123119354,1.077642798423767,0.10710840672254562,0.6020205616950989,-0.4556926190853119,-0.48922619223594666,0.43654686212539673
205.0,1.0208492625664807,-0.7445683259928765,1.539974769101219,-0.9680703986681851,-0.6180125549808978,0.0,0.05517704784870148,1.080211877822876,0.10446369647979736,0.5745366215705872,-0.468702107667923,-0.4930972754955292,0.45506155490875244
206.0,1.0091769002809854,-0.7224575194796169,1.5224984402408681,-0.9060257443446389,-0.6033921695123245,0.0,0.06628842651844025,1.0832321643829346,0.10181446373462677,0.5463023781776428,-0.48121440410614014,-0.49630850553512573,0.472931444644928
207.0,0.9975045379954901,-0.7003467129663573,1.5050221113805171,-0.8439810900210927,-0.5887717840437512,0.0,0.07790640741586685,1.0866774320602417,0.0990908294916153,0.5173642039299011,-0.4931991398334503,-0.4988393187522888,0.490151047706604
208.0,0.9924612220777551,-0.6850722549505267,1.4876920048790718,-0.8026196976954393,-0.5783160515729353,0.0,0.08503858745098114,1.0928934812545776,0.0983467549085617,0.49999526143074036,-0.5000047087669373,-0.5000047087669373,0.49999526143074036
209.0,0.9969436677062273,-0.6796056736383326,1.470545055609311,-0.7909394737781597,-0.5738334035105112,0.0,0.08505278080701828,1.1026114225387573,0.1006392240524292,0.4999951720237732,-0.500004768371582,-0.5000048279762268,0.4999951720237732
210.0,1.0013817937536313,-0.6740369052478417,1.453237670766189,-0.7792009483006556,-0.5693952581388678,0.0,0.08503591269254684,1.1123260259628296,0.10294756293296814,0.49999523162841797,-0.500004768371582,-0.5000048279762268,0.4999951124191284
211.0,1.0057326416020302,-0.6683078218870865,1.4357007672827842,-0.7673931281780061,-0.5650447041273516,0.0,0.08505504578351974,1.1220446825027466,0.10523759573698044,0.49999532103538513,-0.5000045895576477,-0.5000047087669373,0.4999952018260956
212.0,1.010048232713839,-0.6624806873246061,1.4180004675523283,-0.7555199431789342,-0.560729270999254,0.0,0.08503254503011703,1.1317580938339233,0.1075487807393074,0.4999953508377075,-0.5000046491622925,-0.5000047087669373,0.49999523162841797
213.0,1.0142720876066926,-0.6564794963358516,1.4000464424918262,-0.7435670488041092,-0.5565052955002455,0.0,0.08505731076002121,1.1414774656295776,0.1098361387848854,0.49999526143074036,-0.5000046491622925,-0.5000046491622925,0.4999952018260956
214.0,1.01602873109454,-0.6539754301480254,1.392423170376912,-0.7384477834938679,-0.5547485577555867,0.0,0.08507078140974045,1.1455658674240112,0.11087684333324432,0.49999526143074036,-0.5000047087669373,-0.5000047087669373,0.4999951720237732
215.0,1.011677697262591,-0.6601287772519315,1.410376835039966,-0.7502480445519528,-0.5590995633370044,0.0,0.0852416604757309,1.1358104944229126,0.10875202715396881,0.49999526143074036,-0.5000047087669373,-0.5000047087669373,0.49999526143074036
216.0,1.0073486807765824,-0.6662509868429821,1.4282396495600307,-0.7619885932658141,-0.5634285517154366,0.0,0.08528348058462143,1.1260405778884888,0.10668668895959854,0.4999951422214508,-0.500004768371582,-0.5000047087669373,0.49999526143074036
217.0,1.0030412567355422,-0.6723426598273675,1.4460133672053772,-0.7736705819920147,-0.5677359477890965,0.0,0.08519759029150009,1.1162583827972412,0.10468064248561859,0.4999952018260956,-0.500004768371582,-0.5000047087669373,0.49999523162841797
218.0,0.9987453542276232,-0.6783814653301476,1.463681689281941,-0.785300043958812,-0.5720318235830457,0.0,0.08500157296657562,1.1064693927764893,0.10271582007408142,0.49999508261680603,-0.5000047087669373,-0.5000047087669373,0.49999532103538513
219.0,0.9942397934200674,-0.6838455676794921,1.480836990012502,-0.7969912130751587,-0.5765373843906015,0.0,0.0850621685385704,1.0967601537704468,0.10038561373949051,0.4999951422214508,-0.5000047087669373,-0.5000047087669373,0.49999526143074036
220.0,0.9897515250099138,-0.6892886987372909,1.497926448489355,-0.8086375113416621,-0.5810256528007551,0.0,0.08499623835086823,1.0870357751846313,0.09811893105506897,0.4999951124191284,-0.500004768371582,-0.5000047087669373,0.4999953508377075
221.0,0.9849406656611686,-0.6942737609994569,1.514453516402927,-0.8201795659834484,-0.5858365121495004,0.0,0.08532198518514633,1.0773650407791138,0.09565599262714386,0.4999951422214508,-0.5000048279762268,-0.5000047087669373,0.49999529123306274
222.0,0.980142982731174,-0.6992449480235131,1.530934851045522,-0.8316897624791337,-0.590634195079495,0.0,0.0855194702744484,1.0676748752593994,0.09325692057609558,0.49999523162841797,-0.5000047087669373,-0.500004768371582,0.4999951720237732
223.0,0.9753585682501572,-0.7042023867564983,1.5473706049878115,-0.8431681264304101,-0.5954186095605117,0.0,0.0855894610285759,1.0579673051834106,0.09092175960540771,0.49999526143074036,-0.5000047087669373,-0.500004768371582,0.49999526143074036
224.0,0.970587312158039,-0.7091461912387201,1.5637611563158476,-0.8546149218841431,-0.60018986565263,0.0,0.08553258329629898,1.048244595527649,0.08865073323249817,0.49999523162841797,-0.5000047087669373,-0.500004768371582,0.49999523162841797
225.0,0.9658291040887985,-0.7140764758274923,1.5801068841666746,-0.8660304136211877,-0.6049480737218704,0.0,0.08534979075193405,1.0385085344314575,0.08644397556781769,0.4999952018260956,-0.5000047087669373,-0.500004768371582,0.4999951720237732
226.0,0.9610838349072333,-0.7189933536047983,1.596408163449142,-0.8774148634695224,-0.6096933429034357,0.0,0.08504175394773483,1.0287615060806274,0.08430168777704239,0.49999529123306274,-0.500004768371582,-0.500004768371582,0.4999951422214508
227.0,0.9648079809369281,-0.7154824152805007,1.5843475818231998,-0.8688651255828646,-0.6059691218759276,0.0,0.0850599855184555,1.0360764265060425,0.08602318167686462,0.4999951422214508,-0.500004768371582,-0.500004768371582,0.4999952018260956
228.0,0.969737294893952,-0.7107726145043598,1.5682520206698498,-0.857479250219604,-0.601039722165937,0.0,0.08501511067152023,1.0457874536514282,0.08834591507911682,0.4999951422214508,-0.5000048279762268,-0.500004768371582,0.4999951720237732
229.0,0.974533724765557,-0.7058678800517347,1.5519123730137305,-0.8460444627537098,-0.5962433497067094,0.0,0.08505933731794357,1.0555094480514526,0.09062324464321136,0.4999951422214508,-0.5000048279762268,-0.500004768371582,0.4999951720237732
230.0,0.9793146281051526,-0.7009138077951842,1.535488262092082,-0.8345745975602759,-0.5914625321296927,0.0,0.08501958101987839,1.0652213096618652,0.09294330328702927,0.49999529123306274,-0.500004768371582,-0.5000047087669373,0.49999508261680603
231.0,0.9783515457098236,-0.7009126352057282,1.5387829428840412,-0.8378704021553567,-0.5924255128915558,0.0,0.08505033701658249,1.0632869005203247,0.09133279323577881,0.49999529123306274,-0.500004768371582,-0.500004768371582,0.4999951124191284
232.0,0.9735896557939562,-0.7058747733701014,1.5552162071987814,-0.8493415867126799,-0.5971874028074232,0.0,0.08504050225019455,1.0535694360733032,0.08903802931308746,0.49999523162841797,-0.500004768371582,-0.5000048279762268,0.4999951124191284
233.0,0.9687443259717713,-0.7107019529190013,1.5714702947857062,-0.8607684405390109,-0.6020327326296081,0.0,0.08504783362150192,1.0438538789749146,0.08673442900180817,0.4999952018260956,-0.500004768371582,-0.5000047087669373,0.4999951124191284
234.0,0.9638336118434965,-0.7154201939058623,1.5875772759030071,-0.8721570365782867,-0.6069434467578829,0.0,0.08504312485456467,1.0341371297836304,0.08443686366081238,0.4999952018260956,-0.5000047087669373,-0.500004768371582,0.4999952018260956
235.0,0.9588288633600707,-0.7202783474393558,1.6036245494397021,-0.8833462129807432,-0.6119481980425076,0.0,0.08502649515867233,1.0243662595748901,0.08238205313682556,0.4999951422214508,-0.500004768371582,-0.500004768371582,0.4999951422214508
236.0,0.9538130305870427,-0.7248823452596533,1.61934141733456,-0.8944593132642739,-0.6169640380472323,0.0,0.0850021094083786,1.014710783958435,0.08025515079498291,0.49999532103538513,-0.5000047087669373,-0.500004768371582,0.49999502301216125
237.0,0.9501089425170335,-0.7228558494945466,1.630396312008692,-0.9075406818518212,-0.6206681643644929,0.0,0.08508377522230148,1.0078128576278687,0.07302829623222351,0.49999523162841797,-0.500004768371582,-0.5000048279762268,0.49999508261680603
238.0,0.946393779236997,-0.7208232945143797,1.6414842607781996,-0.9206611636844682,-0.6243833660061399,0.0,0.0850742906332016,1.0008429288864136,0.06587633490562439,0.49999526143074036,-0.5000047087669373,-0.500004768371582,0.49999508261680603
239.0,0.9401454476923405,-0.7198222753756999,1.658144490067617,-0.9299751882148813,-0.6190085969815096,0.0,0.084820456802845,0.9934418201446533,0.05941430479288101,0.49416351318359375,-0.5033694505691528,-0.5024258494377136,0.49998971819877625
240.0,0.9197267411597478,-0.7246033904010926,1.7059659898154265,-0.9179339415726079,-0.5627284429460587,0.0,0.08412037789821625,0.984064519405365,0.056077778339385986,0.4551287293434143,-0.5253090858459473,-0.5173470377922058,0.49925950169563293
241.0,0.917221111861323,-0.7316375487759987,1.7247436313440612,-0.86067332050038,-0.5024765579680318,0.0,0.07670978456735611,0.9904838800430298,0.0685204565525055,0.414039671421051,-0.5447702407836914,-0.5255040526390076,0.5056105256080627
242.0,0.9284480415614295,-0.7403912538272336,1.721240223324266,-0.7688130304506576,-0.4392434491486832,0.0,0.06496048718690872,1.0090304613113403,0.09126073122024536,0.3716283142566681,-0.5631560683250427,-0.5269148945808411,0.5168251395225525
243.0,0.9396749712615358,-0.7491449588784685,1.7177368153044712,-0.6769527404009352,-0.37601034032933456,0.0,0.05454316735267639,1.0274338722229004,0.11122231185436249,0.32905322313308716,-0.5821794867515564,-0.5250294804573059,0.5264360308647156
244.0,0.9509019009616426,-0.7578986639297038,1.714233407284676,-0.5850924503512088,-0.31277723150998316,0.0,0.04521197825670242,1.0453325510025024,0.12829580903053284,0.2865492105484009,-0.6017279028892517,-0.5198572874069214,0.5343794226646423
245.0,0.9621288306617489,-0.7666523689809387,1.7107299992648812,-0.4932321603014865,-0.24954412269063453,0.0,0.036729246377944946,1.0623505115509033,0.142446368932724,0.2443491816520691,-0.6216827630996704,-0.5114254951477051,0.540599524974823
246.0,0.9733557603618553,-0.7754060740321735,1.7072265912450861,-0.40137187025176413,-0.18631101387128596,0.0,0.028871096670627594,1.0781058073043823,0.15371334552764893,0.20268303155899048,-0.6419209837913513,-0.49977752566337585,0.5450499653816223
247.0,0.9845826900619616,-0.7841597790834085,1.7037231832252913,-0.3095115802020417,-0.12307790505193733,0.0,0.021434754133224487,1.0922210216522217,0.16220904886722565,0.16177622973918915,-0.6623150110244751,-0.48497381806373596,0.5476930141448975
248.0,0.9958096197620679,-0.7929134841346434,1.7002197752054964,-0.21765129015231932,-0.059844796232588704,0.0,0.014242127537727356,1.1043314933776855,0.16811667382717133,0.1218487024307251,-0.6827337741851807,-0.4670906960964203,0.548501193523407
249.0,1.0070365494621747,-0.8016671891858786,1.6967163671857013,-0.12579100010259292,0.003388312586762643,0.0,0.007145322859287262,1.11409592628479,0.17168459296226501,0.0831136554479599,-0.7030437588691711,-0.44622018933296204,0.5474569201469421
250.0,1.018263479162281,-0.8104208942371135,1.6932129591659062,-0.033930710052870516,0.06662142140611127,0.0,2.9802322387695312e-05,1.1212049722671509,0.17322172224521637,0.045776333659887314,-0.7231090068817139,-0.4224694073200226,0.5445525050163269
251.0,1.0294904088623875,-0.8191745992883483,1.6897095511461113,0.05792957999685189,0.1298545302254599,0.0,-0.007183842360973358,1.1253900527954102,0.17309020459651947,0.010033449158072472,-0.7427924871444702,-0.39595991373062134,0.5397909283638
252.0,1.040717338562494,-0.8279283043395833,1.6862061431263164,0.1497898700465743,0.19308763904480852,0.0,-0.014538325369358063,1.1264318227767944,0.1716964840888977,-0.023928431794047356,-0.7619566917419434,-0.3668270707130432,0.5331860184669495
253.0,1.0519442682626001,-0.8366820093908182,1.6827027351065214,0.24165016009629658,0.25632074786415715,0.0,-0.022039346396923065,1.1241651773452759,0.16948294639587402,-0.05593358352780342,-0.7804645299911499,-0.33521878719329834,0.5247617959976196
254.0,1.063171197962707,-0.8454357144420535,1.6791993270867263,0.3335104501460231,0.31955385668350855,0.0,-0.02965685725212097,1.1184874773025513,0.1669178456068039,-0.0858178362250328,-0.7981800436973572,-0.30129531025886536,0.5145532488822937
255.0,1.0743981276628134,-0.8541894194932883,1.6756959190669314,0.4253707401957454,0.3827869655028572,0.0,-0.03732685744762421,1.1093614101409912,0.1644839197397232,-0.11342974752187729,-0.8149694204330444,-0.2652278244495392,0.5026059150695801
256.0,1.0856250573629196,-0.8629431245445232,1.6721925110471365,0.5172310302454677,0.4460200743222058,0.0,-0.04495425522327423,1.0968189239501953,0.16266889870166779,-0.1386309713125229,-0.8307016491889954,-0.22719772160053253,0.48897573351860046
257.0,1.096851987063026,-0.8716968295957581,1.6686891030273414,0.6090913202951902,0.5092531831415543,0.0,-0.05241667106747627,1.0809614658355713,0.16195301711559296,-0.16129735112190247,-0.845249354839325,-0.18739531934261322,0.47372937202453613
258.0,1.1080789167631324,-0.880450534646993,1.6651856950075465,0.7009516103449125,0.5724862919609031,0.0,-0.05956894904375076,1.0619621276855469,0.16279923915863037,-0.18131889402866364,-0.8584897518157959,-0.14601904153823853,0.45694318413734436
259.0,1.1193058464632393,-0.8892042396982283,1.6616822869877514,0.792811900394639,0.6357194007802545,0.0,-0.06624789535999298,1.0400621891021729,0.16564200818538666,-0.19860099256038666,-0.8703053593635559,-0.10327426344156265,0.43870335817337036
260.0,1.1305327761633455,-0.8979579447494631,1.6581788789679566,0.8846721904443613,0.698952509599603,0.0,-0.07227841019630432,1.0155686140060425,0.17087754607200623,-0.21306438744068146,-0.8805844187736511,-0.05937191843986511,0.41910579800605774
261.0,1.1557878284585499,-0.9117791633436433,1.6534408871988096,0.9223368305292763,0.7746625711578613,0.0,-0.08251363039016724,0.9993517994880676,0.16988694667816162,-0.20737440884113312,-0.8973379135131836,-0.03775293752551079,0.3877565562725067
262.0,1.1973663204743097,-0.9314970549452487,1.6472663059447965,0.8969381904553766,0.8648910962203507,0.0,-0.09599079191684723,0.9963053464889526,0.16127212345600128,-0.18126796185970306,-0.9204999208450317,-0.04483269900083542,0.34323737025260925
263.0,1.2389448124900697,-0.9512149465468541,1.6410917246907837,0.8715395503814769,0.9551196212828401,0.0,-0.10671652853488922,0.9953783750534058,0.15576976537704468,-0.1559978872537613,-0.9401266574859619,-0.05445264279842377,0.2980964183807373
264.0,1.2805233045058313,-0.9709328381484603,1.6349171434367704,0.846140910307576,1.0453481463453336,0.0,-0.11529654264450073,0.9965606927871704,0.1537385880947113,-0.13180601596832275,-0.9562326073646545,-0.066526398062706,0.25262710452079773
265.0,1.3221017965215913,-0.9906507297500657,1.6287425621827576,0.8207422702336763,1.135576671407823,0.0,-0.12233086675405502,0.9997262954711914,0.15547296404838562,-0.10892577469348907,-0.9688576459884644,-0.08094557374715805,0.207117959856987
266.0,1.3636802885373511,-1.0103686213516712,1.6225679809287445,0.7953436301597766,1.2258051964703123,0.0,-0.12839484214782715,1.004640817642212,0.16119728982448578,-0.0875798687338829,-0.9780656695365906,-0.09757966548204422,0.16184990108013153
267.0,1.405258780553111,-1.0300865129532766,1.6163933996747317,0.7699449900858769,1.3160337215328017,0.0,-0.13402216136455536,1.0109721422195435,0.17106199264526367,-0.06797822564840317,-0.9839447736740112,-0.11627793312072754,0.11709455400705338
268.0,1.446837272568871,-1.049804404554882,1.610218818420719,0.7445463500119771,1.4062622465952912,0.0,-0.13968881964683533,1.0183056592941284,0.18514016270637512,-0.050316471606492996,-0.9866050481796265,-0.13686996698379517,0.0731121078133583
269.0,1.4884157645846328,-1.0695222961564883,1.6040442371667056,0.7191477099380763,1.4964907716577847,0.0,-0.1458013504743576,1.0261590480804443,0.20342674851417542,-0.03477392718195915,-0.9861782193183899,-0.1591673344373703,0.030149564146995544
270.0,1.5131097769444806,-1.0845912550168204,1.6072243812543554,0.6996115763229627,1.5514264484769094,0.0,-0.14945480227470398,1.0274136066436768,0.21537381410598755,-0.026722488924860954,-0.9844450354576111,-0.1735897809267044,0.004533790051937103
271.0,1.5110408830525526,-1.0922661235807347,1.6251808287413805,0.689401341594547,1.5504107224348425,0.0,-0.14829978346824646,1.0180950164794922,0.21197855472564697,-0.027653202414512634,-0.984420657157898,-0.1735733151435852,0.004855250474065542
272.0,1.5103909065008578,-1.099599674480681,1.6425380903984432,0.6794080588533059,1.5500001391977751,0.0,-0.14836321771144867,1.00883948802948,0.2085997462272644,-0.027937762439250946,-0.9844131469726562,-0.17356570065021515,0.005001391284167767
273.0,1.5123892752659513,-1.1063565872001608,1.6589207972948923,0.6697364228498178,1.5507179049961655,0.0,-0.15061624348163605,0.9997093081474304,0.20523211359977722,-0.027016054838895798,-0.9844384789466858,-0.17357347905635834,0.0048208232037723064
274.0,1.514374854901319,-1.113070257133411,1.675198658395399,0.6601266832338597,1.5514310772480246,0.0,-0.15282350778579712,0.9905587434768677,0.201886385679245,-0.026100272312760353,-0.984462559223175,-0.17358167469501495,0.004641453269869089
275.0,1.5163455204927985,-1.1197334994906263,1.6913542535688513,0.6505891240914689,1.552138892735504,0.0,-0.15498274564743042,0.9813992381095886,0.19856664538383484,-0.025191359221935272,-0.9844855070114136,-0.17359034717082977,0.004463400691747665
276.0,1.5183042957241268,-1.1263565379940057,1.7074123710952114,0.6411091115027161,1.5528424374927778,0.0,-0.15709763765335083,0.9722190499305725,0.19526803493499756,-0.0242878720164299,-0.9845073819160461,-0.1735994964838028,0.0042865220457315445
277.0,1.5163168811230807,-1.1256015212812607,1.7053590421580742,0.6424509142545277,1.552143442279998,0.0,-0.1553768813610077,0.9736289381980896,0.1957845538854599,-0.025205831974744797,-0.9844851493835449,-0.17359109222888947,0.0044586677104234695
278.0,1.5116894053836774,-1.1199190386340558,1.691209327336294,0.6510207910068736,1.550506147756784,0.0,-0.1510479748249054,0.9820874333381653,0.19885216653347015,-0.027342239394783974,-0.9844292402267456,-0.17357289791107178,0.004864509217441082
279.0,1.5070473431456322,-1.1142186439479589,1.6770150104879116,0.6596176812980575,1.5488636922352887,0.0,-0.146633580327034,0.9904964566230774,0.20193326473236084,-0.029485363513231277,-0.984368085861206,-0.17355728149414062,0.005271729081869125
280.0,1.5042821739236312,-1.1077563778899342,1.6613501292880384,0.6688771176224709,1.5479294182080547,0.0,-0.14368991553783417,0.9994205236434937,0.20515796542167664,-0.030765719711780548,-0.9843288660049438,-0.17355084419250488,0.00549255171790719
281.0,1.50230097135764,-1.100945854786338,1.645000407341951,0.6784538181468575,1.5472913790342362,0.0,-0.1413508802652359,1.0085514783859253,0.20845407247543335,-0.031685709953308105,-0.98429936170578,-0.1735478937625885,0.005635300651192665
282.0,1.5003066003284349,-1.0940900641646718,1.6285420136650173,0.6880941721465271,1.5466490990041146,0.0,-0.13896562159061432,1.017662525177002,0.21177101135253906,-0.032611824572086334,-0.9842687249183655,-0.17354527115821838,0.00577903026714921
283.0,1.498298617713094,-1.0871874827587384,1.6119712914193711,0.6978003215809107,1.5460024354115438,0.0,-0.13653352856636047,1.0267529487609863,0.2151089906692505,-0.03354422375559807,-0.9842369556427002,-0.17354322969913483,0.005923765245825052
284.0,1.4962602658487638,-1.0857227910447056,1.6082781960531647,0.7000714527231975,1.5453311292403975,0.0,-0.1345580369234085,1.0289523601531982,0.21593421697616577,-0.034489475190639496,-0.9842039942741394,-0.17353974282741547,0.006078052334487438
285.0,1.4941910704143821,-1.0933891300890537,1.6262107744626102,0.6898554313535221,1.5446251197868128,0.0,-0.13344021141529083,1.019629716873169,0.21253716945648193,-0.03544696420431137,-0.9841699600219727,-0.17353369295597076,0.006246896460652351
286.0,1.4920957673807953,-1.1009814018234418,1.6440034576870088,0.6797069413579881,1.5439103503896907,0.0,-0.1323392540216446,1.0103020668029785,0.20914651453495026,-0.03641652688384056,-0.9841344952583313,-0.17352759838104248,0.006417873781174421
287.0,1.4899323207045274,-1.1084877582561614,1.661661263833343,0.6696111866352805,1.5431726235441652,0.0,-0.1312190443277359,1.0009799003601074,0.2057487815618515,-0.03741760551929474,-0.9840970039367676,-0.17352086305618286,0.006594365928322077
288.0,1.4849992404349708,-1.1139376444200078,1.6742021460938679,0.662659181428735,1.5414912723193819,0.0,-0.12753012776374817,0.9946914315223694,0.20346540212631226,-0.039700377732515335,-0.9840081334114075,-0.17350167036056519,0.006996678188443184
289.0,1.4734290852752974,-1.1145737728992435,1.6747526127869825,0.6630833246012708,1.5375486372676566,0.0,-0.11759596318006516,0.9956350326538086,0.20381072163581848,-0.04505428671836853,-0.9837773442268372,-0.17346200346946716,0.007940717041492462
290.0,1.4729656508439304,-1.1087356606839365,1.6608346965296403,0.6711730108031022,1.537390337223518,0.0,-0.11645188927650452,1.0032734870910645,0.2065829485654831,-0.04526865854859352,-0.9837670922279358,-0.17346252501010895,0.00797863956540823
291.0,1.4753165119590284,-1.1012207804521976,1.6431644296250816,0.6812549942129006,1.5381909350633405,0.0,-0.1175788938999176,1.0125943422317505,0.20998291671276093,-0.04418078809976578,-0.9838165640830994,-0.17347145080566406,0.007786876987665892
292.0,1.4673121107160594,-1.0997521130680508,1.639110387632026,0.6841071066327546,1.5354663460016236,0.0,-0.11031778156757355,1.0155760049819946,0.21106259524822235,-0.04788496345281601,-0.9836441278457642,-0.17343541979789734,0.008439766243100166
293.0,1.4583218168141285,-1.102062534565958,1.643958740573044,0.6818698753318088,1.5324063243281187,0.0,-0.10268492996692657,1.0138096809387207,0.21042516827583313,-0.05204491317272186,-0.9834319353103638,-0.1734037697315216,0.009173496626317501
294.0,1.4557874317659618,-1.1095767865237152,1.6616237100732818,0.6718122191620124,1.5315445842163027,0.0,-0.10155823081731796,1.0044889450073242,0.20702573657035828,-0.053217705339193344,-0.9833691716194153,-0.1733924150466919,0.009380260482430458
295.0,1.4512621413800062,-1.1154408049097735,1.6752648718974117,0.664210514130445,1.530006879669752,0.0,-0.09851090610027313,0.9974581599235535,0.20447392761707306,-0.0553119033575058,-0.9832539558410645,-0.17336955666542053,0.009749330580234528
296.0,1.4397619992753536,-1.1157112990336076,1.6752543579915384,0.664955326129107,1.526101006114689,0.0,-0.08857745677232742,0.9984087944030762,0.2048189640045166,-0.06063362956047058,-0.9829402565956116,-0.17331364750862122,0.010687706060707569
297.0,1.4385812258677144,-1.1103562105274987,1.6624890513251989,0.672409491118421,1.5256995603885062,0.0,-0.0866340696811676,1.005441665649414,0.2073732167482376,-0.06117989867925644,-0.9829059839248657,-0.17331065237522125,0.010784154757857323
298.0,1.441296666268858,-1.1028457791489474,1.6448337125959538,0.6824398013109301,1.5266212552331855,0.0,-0.08775841444730759,1.014763355255127,0.21077127754688263,-0.05992327630519867,-0.9829832911491394,-0.17332452535629272,0.01056261919438839
299.0,1.4344431799166784,-1.1005547256213029,1.6391039757375487,0.6861815601104824,1.5242968640516636,0.0,-0.08129953593015671,1.018345832824707,0.21207121014595032,-0.06309506297111511,-0.982785701751709,-0.17328423261642456,0.011121541261672974
300.0,1.4248168260596894,-1.1020630631106052,1.642245202654397,0.6849742164696064,1.5210320233409194,0.0,-0.07303223013877869,1.0173170566558838,0.21170350909233093,-0.06754947453737259,-0.982488751411438,-0.1732374131679535,0.011907370761036873
301.0,1.4219189956177054,-1.1095771721343843,1.6599120893830834,0.6749593986032557,1.5200505446052315,0.0,-0.0718977078795433,1.0079973936080933,0.208302840590477,-0.0688905119895935,-0.982395589351654,-0.17322054505348206,0.012143782339990139
302.0,1.4177488545799763,-1.1159016817192744,1.6747295702962812,0.6666713207957671,1.5186390653783395,0.0,-0.06949132680892944,1.000224232673645,0.20548266172409058,-0.07082044333219528,-0.9822586178779602,-0.17319495975971222,0.012483940459787846
303.0,1.4063457696291535,-1.115806180407591,1.6741583147438261,0.6677319933530553,1.5147830107484654,0.0,-0.05955875292420387,1.001181960105896,0.20582734048366547,-0.07609761506319046,-0.9818642735481262,-0.17312341928482056,0.013414314016699791
304.0,1.4044092854797492,-1.110886351990432,1.6624669670738736,0.6745993798673511,1.5141277164264393,0.0,-0.056817132979631424,1.0076096057891846,0.20816326141357422,-0.07699353247880936,-0.9817938804626465,-0.17311450839042664,0.013572526164352894
305.0,1.407480043127261,-1.1033882011955825,1.6448309981184033,0.6845743690032592,1.5151654223489353,0.0,-0.05793745070695877,1.0169320106506348,0.21155987679958344,-0.07557248324155807,-0.9819042086601257,-0.1731342375278473,0.013321890495717525
306.0,1.401830595076587,-1.100330581814946,1.63750966239509,0.6891490833614827,1.513258405179799,0.0,-0.05228082463145256,1.021115779876709,0.21307985484600067,-0.07818726450204849,-0.9817003607749939,-0.17309319972991943,0.0137825021520257
307.0,1.391655316809211,-1.1009847987114694,1.6388638684910495,0.6890071094292906,1.5098232203763826,0.0,-0.043380964547395706,1.0208243131637573,0.2129819095134735,-0.08289581537246704,-0.9813129901885986,-0.17303019762039185,0.014613188803195953
308.0,1.3884042861225225,-1.1084895937245838,1.6565258048664024,0.6790399430691827,1.5087274658243461,0.0,-0.042237501591444016,1.0115063190460205,0.20958024263381958,-0.08440040051937103,-0.9811848998069763,-0.17300687730312347,0.014878496527671814
309.0,1.385193813509039,-1.1155870743746497,1.6739517727361584,0.6688993214703569,1.5076453561888086,0.0,-0.0411602184176445,1.0023502111434937,0.2059139907360077,-0.08588608354330063,-0.9810558557510376,-0.1729850172996521,0.015140612609684467
310.0,1.382218564978605,-1.1184984095950319,1.6899183336633798,0.6560212430646438,1.5066422367560077,0.0,-0.03995265066623688,0.995242178440094,0.19900548458099365,-0.0872628390789032,-0.9809341430664062,-0.17296436429023743,0.015383961610496044
311.0,1.3792513451567106,-1.1214018885769501,1.7058418088238996,0.6431779161551537,1.5056418242411247,0.0,-0.03881116583943367,0.9880495667457581,0.19217629730701447,-0.08863580971956253,-0.9808106422424316,-0.1729447841644287,0.015626735985279083
312.0,1.3762914435011742,-1.1242982065989524,1.72172601131599,0.6303662652280833,1.5046438790814256,0.0,-0.03773578628897667,0.9807727336883545,0.18542559444904327,-0.0900052934885025,-0.980685293674469,-0.17292624711990356,0.015869004651904106
313.0,1.3733387499805705,-1.1271874713288048,1.737571531619215,0.6175858140229433,1.5036483641792837,0.0,-0.03672678396105766,0.9734137654304504,0.17875425517559052,-0.09137128293514252,-0.9805580377578735,-0.1729089319705963,0.01611078716814518
314.0,1.3703931556976952,-1.1300697893244183,1.7533789541263842,0.6048360911886107,1.50265524281948,0.0,-0.03578439727425575,0.9659738540649414,0.17216244339942932,-0.09273386001586914,-0.9804289937019348,-0.17289257049560547,0.016352113336324692
315.0,1.3674545538389724,-1.132945265104834,1.7691488520485923,0.592116634392749,1.5016644789893003,0.0,-0.034908585250377655,0.9584552049636841,0.16565141081809998,-0.09409311413764954,-0.9802981019020081,-0.17287752032279968,0.01659291610121727
316.0,1.3714832130207733,-1.1346021045930046,1.7779436286164487,0.5847575194513845,1.5030262646486308,0.0,-0.03910283371806145,0.9539926648139954,0.16204458475112915,-0.0922304019331932,-0.9804786443710327,-0.17288924753665924,0.01626206748187542
317.0,1.3834880768134719,-1.1348668765318477,1.778769726624193,0.5835215161454105,1.5070812792884107,0.0,-0.04903379827737808,0.9530290365219116,0.16170337796211243,-0.08667776733636856,-0.9809913635253906,-0.17294368147850037,0.015277588739991188
318.0,1.395549799068404,-1.13498749988279,1.7793809553911855,0.5823428169815108,1.5111484886490925,0.0,-0.058970872312784195,0.9521051049232483,0.16135692596435547,-0.0810961127281189,-0.9814696311950684,-0.17302124202251434,0.014292897656559944
319.0,1.4076431979023172,-1.1350147319977715,1.7798492586958112,0.5812447480459183,1.5152313814529972,0.0,-0.06890390813350677,0.9511552453041077,0.16101175546646118,-0.07549933344125748,-0.9819159507751465,-0.17310011386871338,0.013306294567883015
320.0,1.4197699103899568,-1.134942924148198,1.7801657909832425,0.5802345369232486,1.5193313268388133,0.0,-0.07883492112159729,0.9501838088035583,0.16066785156726837,-0.0698869377374649,-0.9823305010795593,-0.173178568482399,0.012317300774157047
321.0,1.431979089747958,-1.1346172436984732,1.7800254805687183,0.5794925170231763,1.523469132810206,0.0,-0.08878045529127121,0.9493573904037476,0.16035683453083038,-0.06423714756965637,-0.9827170968055725,-0.17324098944664001,0.011320912279188633
322.0,1.4442935228300804,-1.1339032533463178,1.779004744642341,0.5792747625048544,1.527647252970198,0.0,-0.09873828291893005,0.948917031288147,0.16019688546657562,-0.05853838473558426,-0.9830729961395264,-0.1733037829399109,0.01031628530472517
323.0,1.456719284138933,-1.1327772225489292,1.7770466657632846,0.5796152666334322,1.5318678495442064,0.0,-0.10872694849967957,0.9488929510116577,0.16019873321056366,-0.052787914872169495,-0.9833975434303284,-0.17336687445640564,0.009302845224738121
324.0,1.4691397196904714,-1.1314675656766957,1.7748063327485404,0.5801275805438211,1.5360944231104214,0.0,-0.11870739609003067,0.9489195346832275,0.1601974368095398,-0.04704056680202484,-0.9836903214454651,-0.17341244220733643,0.008289339952170849
325.0,1.4753135452375064,-1.1413425808339177,1.8126904218763287,0.4992490348407783,1.5345825477629604,0.0,-0.1249595358967781,0.9501882791519165,0.14729318022727966,-0.04316858947277069,-0.9789412617683411,-0.199354887008667,0.008240176364779472
326.0,1.4753204172307317,-1.1622611379492864,1.890189719997999,0.338015653166531,1.5274053157097554,0.0,-0.12766949832439423,0.9511700868606567,0.12594753503799438,-0.04078470915555954,-0.9672370553016663,-0.2504129707813263,0.009067004546523094
327.0,1.475327289223957,-1.1831796950646551,1.9676890181196693,0.17678227149228365,1.52022808365655,0.0,-0.13061200082302094,0.9497128129005432,0.11037112027406693,-0.03792591392993927,-0.9528921246528625,-0.3007701635360718,0.00977598037570715
328.0,1.4753341612171826,-1.2040982521800248,2.045188316241343,0.015548889818029155,1.5130508516033447,0.0,-0.13382326066493988,0.9454395174980164,0.10056978464126587,-0.03460542857646942,-0.9359462261199951,-0.3502855598926544,0.010346394963562489
329.0,1.475341033210408,-1.2250168092953932,2.1226876143630133,-0.14568449185621823,1.5058736195501394,0.0,-0.13733726739883423,0.9379914999008179,0.09649479389190674,-0.03083891235291958,-0.9164467453956604,-0.39882123470306396,0.010758154094219208
330.0,1.4753479052036333,-1.245935366410762,2.2001869124846833,-0.3069178735304655,1.4986963874969343,0.0,-0.1411859691143036,0.9270310401916504,0.09804373234510422,-0.026644254103302956,-0.8944481015205383,-0.44624167680740356,0.010991946794092655
331.0,1.475354777196859,-1.2668539235261307,2.277686210606354,-0.4681512552047129,1.4915191554437293,0.0,-0.1453990787267685,0.9122491478919983,0.10506308078765869,-0.0220411978662014,-0.8700113892555237,-0.49241501092910767,0.011029541492462158
332.0,1.4753616491900843,-1.2877724806415003,2.3551855087280273,-0.6293846368789673,1.4843419233905237,0.0,-0.15000300109386444,0.8933659791946411,0.11734943091869354,-0.0170518197119236,-0.843204915523529,-0.537212073802948,0.010853512212634087
